VIGENCIA,CODIGO DANE,MUNICIPIOS,CONSUMO DE ENERGIA Kwh,Valor
2018,41001,Neiva,Residencial,217573973
2018,41006,Acevedo,Residencial,6045233
2018,41013,Agrado,Residencial,2330122
2018,41016,Aipe,Residencial,5696005
2018,41020,Algeciras,Residencial,4997463
2018,41026,Altamira,Residencial,1605644
2018,41078,Baraya,Residencial,1793603
2018,41132,Campoalegre,Residencial,11213397
2018,41206,Colombia,Residencial,1377806
2018,41244,Elias,Residencial,917134
2018,41298,Garzon,Residencial,21571163
2018,41306,Gigante,Residencial,7431065
2018,41319,Guadalupe,Residencial,3987849
2018,41349,Hobo,Residencial,2415207
2018,41357,Iquira,Residencial,2079078
2018,41359,Isnos,Residencial,4500524
2018,41378,La Argentina,Residencial,2295042
2018,41396,La Plata,Residencial,13769308
2018,41483,Nataga,Residencial,1043000
2018,41503,Oporapa,Residencial,2232162
2018,41518,Paicol,Residencial,1685487
2018,41524,Palermo,Residencial,9948659
2018,41530,Palestina,Residencial,1758504
2018,41548,Pital,Residencial,3144845
2018,41551,Pitalito,Residencial,37591704
2018,41615,Rivera,Residencial,10124238
2018,41660,Saladoblanco,Residencial,2039254
2018,41668,San Agustin,Residencial,5943586
2018,41676,Santa Maria,Residencial,2233450
2018,41770,Suaza,Residencial,4855202
2018,41791,Tarqui,Residencial,4068517
2018,41799,Tello,Residencial,3056328
2018,41801,Teruel,Residencial,2207891
2018,41797,Tesalia,Residencial,3219803
2018,41807,Timana,Residencial,4944194
2018,41872,Villavieja,Residencial,2599120
2018,41885,Yaguara,Residencial,3726107
2017,41001,Neiva,Residencial,212832645
2017,41006,Acevedo,Residencial,5867446
2017,41013,Agrado,Residencial,2293164
2017,41016,Aipe,Residencial,5550539
2017,41020,Algeciras,Residencial,4683938
2017,41026,Altamira,Residencial,1596033
2017,41078,Baraya,Residencial,1675116
2017,41132,Campoalegre,Residencial,11251775
2017,41206,Colombia,Residencial,1354224
2017,41548,El Pital,Residencial,3088096
2017,41244,Elias,Residencial,873129
2017,41298,Garzon,Residencial,21593197
2017,41306,Gigante,Residencial,7506371
2017,41319,Guadalupe,Residencial,3932705
2017,41349,Hobo,Residencial,2472902
2017,41357,Iquira,Residencial,2033880
2017,41359,Isnos,Residencial,4481269
2017,41378,La Argentina,Residencial,2270429
2017,41396,La Plata,Residencial,13422656
2017,41483,Nataga,Residencial,1014971
2017,41503,Oporapa,Residencial,2185443
2017,41518,Paicol,Residencial,1627673
2017,41524,Palermo,Residencial,9819288
2017,41530,Palestina,Residencial,1726175
2017,41551,Pitalito,Residencial,37092022
2017,41615,Rivera,Residencial,9674738
2017,41660,Saladoblanco,Residencial,2010876
2017,41668,San Agustin,Residencial,5812315
2017,41676,Santa Maria,Residencial,2219055
2017,41770,Suaza,Residencial,4597528
2017,41791,Tarqui,Residencial,3968188
2017,41799,Tello,Residencial,3064715
2017,41801,Teruel,Residencial,2176615
2017,41797,Tesalia,Residencial,3139548
2017,41807,Timana,Residencial,4848841
2017,41872,Villavieja,Residencial,2492546
2017,41885,Yaguara,Residencial,3868628
2016,41001,Neiva,Residencial,201755953
2016,41006,Acevedo,Residencial,4806688
2016,41013,Agrado,Residencial,2053044
2016,41016,Aipe,Residencial,5035771
2016,41020,Algeciras,Residencial,4012806
2016,41026,Altamira,Residencial,1354754
2016,41078,Baraya,Residencial,1515941
2016,41132,Campoalegre,Residencial,10176965
2016,41206,Colombia,Residencial,1082387
2016,41244,Elias,Residencial,717618
2016,41298,Garzon,Residencial,19496336
2016,41306,Gigante,Residencial,6747388
2016,41319,Guadalupe,Residencial,3409443
2016,41349,Hobo,Residencial,2177236
2016,41357,Iquira,Residencial,1722873
2016,41359,Isnos,Residencial,3564546
2016,41378,La Argentina,Residencial,1934887
2016,41396,La Plata,Residencial,11616739
2016,41483,Nataga,Residencial,862168
2016,41503,Oporapa,Residencial,1810505
2016,41518,Paicol,Residencial,1467300
2016,41524,Palermo,Residencial,9188991
2016,41530,Palestina,Residencial,1356670
2016,41548,Pital,Residencial,2817178
2016,41551,Pitalito,Residencial,32025541
2016,41615,Rivera,Residencial,8532433
2016,41660,Saladoblanco,Residencial,1659873
2016,41668,San Agustin,Residencial,4764833
2016,41676,Santa Maria,Residencial,1736179
2016,41770,Suaza,Residencial,3715800
2016,41791,Tarqui,Residencial,3403476
2016,41799,Tello,Residencial,2443639
2016,41801,Teruel,Residencial,1897359
2016,41797,Tesalia,Residencial,2919836
2016,41807,Timana,Residencial,4087429
2016,41872,Villavieja,Residencial,2127203
2016,41885,Yaguara,Residencial,3581054
2015,41001,Neiva,Residencial,221707959
2015,41006,Acevedo,Residencial,5391374
2015,41013,Agrado,Residencial,2172983
2015,41016,Aipe,Residencial,5666370
2015,41020,Algeciras,Residencial,4333580
2015,41026,Altamira,Residencial,1460669
2015,41078,Baraya,Residencial,1736764
2015,41132,Campoalegre,Residencial,11274079
2015,41206,Colombia,Residencial,1285415
2015,41244,Elias,Residencial,2854518
2015,41298,Garzon,Residencial,798380
2015,41306,Gigante,Residencial,20567721
2015,41319,Guadalupe,Residencial,7409768
2015,41349,Hobo,Residencial,3767165
2015,41357,Iquira,Residencial,2389220
2015,41359,Isnos,Residencial,1888875
2015,41378,La Argentina,Residencial,3904069
2015,41396,La Plata,Residencial,2085671
2015,41483,Nataga,Residencial,12553177
2015,41503,Oporapa,Residencial,928893
2015,41518,Paicol,Residencial,2021997
2015,41524,Palermo,Residencial,1600900
2015,41530,Palestina,Residencial,10280331
2015,41548,Pital,Residencial,1537968
2015,41551,Pitalito,Residencial,34884509
2015,41615,Rivera,Residencial,9646001
2015,41660,Saladoblanco,Residencial,1842088
2015,41668,San Agustin,Residencial,5193571
2015,41676,Santa Maria,Residencial,2061068
2015,41770,Suaza,Residencial,4024178
2015,41791,Tarqui,Residencial,3717313
2015,41799,Tello,Residencial,2887226
2015,41801,Teruel,Residencial,2137438
2015,41797,Tesalia,Residencial,3272195
2015,41807,Timana,Residencial,4630378
2015,41872,Villavieja,Residencial,2321618
2015,41885,Yaguara,Residencial,4182762
2014,41001, NEIVA,Residencial,200977661
2014,41006, ACEVEDO,Residencial,4966693
2014,41013, AGRADO,Residencial,2073733
2014,41016, AIPE,Residencial,5327457
2014,41020, ALGECIRAS,Residencial,3878400
2014,41026, ALTAMIRA,Residencial,1310051
2014,41078, BARAYA,Residencial,1623030
2014,41132, CAMPOALEGRE,Residencial,10576197
2014,41206, COLOMBIA,Residencial,1192251
2014,41244,Elias,Residencial,731742
2014,41298,Garzon,Residencial,19090609
2014,41306, GIGANTE,Residencial,7058429
2014,41319, GUADALUPE,Residencial,3497647
2014,41349, HOBO,Residencial,2227513
2014,41357, IQUIRA,Residencial,1884518
2014,41359, ISNOS,Residencial,3696765
2014,41378, LA ARGENTINA,Residencial,1945481
2014,41396, LA PLATA,Residencial,11798266
2014,41483,Nataga,Residencial,847577
2014,41503, OPORAPA,Residencial,1905733
2014,41518, PAICOL,Residencial,1502500
2014,41524, PALERMO,Residencial,9195463
2014,41530, PALESTINA,Residencial,1428266
2014,41548, PITAL,Residencial,2715503
2014,41551, PITALITO,Residencial,32653739
2014,41615, RIVERA,Residencial,8243765
2014,41660,Saladoblanco,Residencial,1717699
2014,41668,San Agustin,Residencial,4902643
2014,41676,Santa Maria,Residencial,1973483
2014,41770, SUAZA,Residencial,3722921
2014,41791, TARQUI,Residencial,3507084
2014,41799, TELLO,Residencial,2648889
2014,41801, TERUEL,Residencial,1953171
2014,41797, TESALIA,Residencial,3102450
2014,41807,Timana,Residencial,4388405
2014,41872, VILLAVIEJA,Residencial,2090051
2014,41885,Yaguara,Residencial,3745834
2013,41001, NEIVA,Residencial,184240320
2013,41006, ACEVEDO,Residencial,5055589
2013,41013, AGRADO,Residencial,2053375
2013,41016, AIPE,Residencial,5140650
2013,41020, ALGECIRAS,Residencial,3874744
2013,41026, ALTAMIRA,Residencial,1256340
2013,41078, BARAYA,Residencial,1696937
2013,41132, CAMPOALEGRE,Residencial,10267511
2013,41206, COLOMBIA,Residencial,1175906
2013,41244, EL PITAL,Residencial,2710844
2013,41298,Elias,Residencial,738654
2013,41306,Garzon,Residencial,18559896
2013,41319, GIGANTE,Residencial,6863883
2013,41349, GUADALUPE,Residencial,3500090
2013,41357, HOBO,Residencial,2159740
2013,41359, IQUIRA,Residencial,1848124
2013,41378, ISNOS,Residencial,3653491
2013,41396, LA ARGENTINA,Residencial,1961884
2013,41483, LA PLATA,Residencial,11466410
2013,41503,Nataga,Residencial,861483
2013,41518, OPORAPA,Residencial,1862100
2013,41524, PAICOL,Residencial,1443898
2013,41530, PALERMO,Residencial,8878283
2013,41548, PALESTINA,Residencial,1490051
2013,41551, PITALITO,Residencial,31626994
2013,41615, RIVERA,Residencial,7696458
2013,41660,Saladoblanco,Residencial,1693703
2013,41668,San Agustin,Residencial,4839085
2013,41676,Santa Maria,Residencial,1876249
2013,41770, SUAZA,Residencial,3632193
2013,41791, TARQUI,Residencial,3521269
2013,41799, TELLO,Residencial,2606064
2013,41801, TERUEL,Residencial,1882460
2013,41797, TESALIA,Residencial,2975983
2013,41807,Timana,Residencial,4372544
2013,41872, VILLAVIEJA,Residencial,1979370
2013,41885,Yaguara,Residencial,3681839
2018,41001,Neiva,Comercial,83434683
2018,41006,Acevedo,Comercial,1429328
2018,41013,Agrado,Comercial,405512
2018,41016,Aipe,Comercial,1349519
2018,41020,Algeciras,Comercial,780778
2018,41026,Altamira,Comercial,247821
2018,41078,Baraya,Comercial,272721
2018,41132,Campoalegre,Comercial,2692705
2018,41206,Colombia,Comercial,136441
2018,41244,Elias,Comercial,128242
2018,41298,Garzon,Comercial,4802958
2018,41306,Gigante,Comercial,2277422
2018,41319,Guadalupe,Comercial,610642
2018,41349,Hobo,Comercial,692384
2018,41357,Iquira,Comercial,164184
2018,41359,Isnos,Comercial,784928
2018,41378,La Argentina,Comercial,126734
2018,41396,La Plata,Comercial,2961507
2018,41483,Nataga,Comercial,122159
2018,41503,Oporapa,Comercial,217257
2018,41518,Paicol,Comercial,104216
2018,41524,Palermo,Comercial,5229162
2018,41530,Palestina,Comercial,253751
2018,41548,Pital,Comercial,295637
2018,41551,Pitalito,Comercial,15837269
2018,41615,Rivera,Comercial,2208214
2018,41660,Saladoblanco,Comercial,334584
2018,41668,San Agustin,Comercial,1380641
2018,41676,Santa Maria,Comercial,345810
2018,41770,Suaza,Comercial,499311
2018,41791,Tarqui,Comercial,467719
2018,41799,Tello,Comercial,417357
2018,41801,Teruel,Comercial,480582
2018,41797,Tesalia,Comercial,396643
2018,41807,Timana,Comercial,927463
2018,41872,Villavieja,Comercial,153988
2018,41885,Yaguara,Comercial,576672
2017,41001,Neiva,Comercial,83203910
2017,41006,Acevedo,Comercial,1207862
2017,41013,Agrado,Comercial,381231
2017,41016,Aipe,Comercial,1164237
2017,41020,Algeciras,Comercial,767585
2017,41026,Altamira,Comercial,257346
2017,41078,Baraya,Comercial,256051
2017,41132,Campoalegre,Comercial,2451179
2017,41206,Colombia,Comercial,144142
2017,41548,El Pital,Comercial,292002
2017,41244,Elias,Comercial,132504
2017,41298,Garzon,Comercial,4647347
2017,41306,Gigante,Comercial,2560872
2017,41319,Guadalupe,Comercial,542867
2017,41349,Hobo,Comercial,1207521
2017,41357,Iquira,Comercial,227070
2017,41359,Isnos,Comercial,738858
2017,41378,La Argentina,Comercial,103174
2017,41396,La Plata,Comercial,3106543
2017,41483,Nataga,Comercial,119387
2017,41503,Oporapa,Comercial,222788
2017,41518,Paicol,Comercial,103043
2017,41524,Palermo,Comercial,4802175
2017,41530,Palestina,Comercial,233372
2017,41551,Pitalito,Comercial,14844266
2017,41615,Rivera,Comercial,2958348
2017,41660,Saladoblanco,Comercial,298301
2017,41668,San Agustin,Comercial,1154814
2017,41676,Santa Maria,Comercial,343870
2017,41770,Suaza,Comercial,455569
2017,41791,Tarqui,Comercial,445457
2017,41799,Tello,Comercial,301127
2017,41801,Teruel,Comercial,543894
2017,41797,Tesalia,Comercial,429118
2017,41807,Timana,Comercial,776779
2017,41872,Villavieja,Comercial,137533
2017,41885,Yaguara,Comercial,611213
2016,41001,Neiva,Comercial,90351486
2016,41006,Acevedo,Comercial,1023757
2016,41013,Agrado,Comercial,326777
2016,41016,Aipe,Comercial,1058262
2016,41020,Algeciras,Comercial,633879
2016,41026,Altamira,Comercial,179973
2016,41078,Baraya,Comercial,254634
2016,41132,Campoalegre,Comercial,2289014
2016,41206,Colombia,Comercial,116192
2016,41244,Elias,Comercial,126604
2016,41298,Garzon,Comercial,5173938
2016,41306,Gigante,Comercial,2951342
2016,41319,Guadalupe,Comercial,408744
2016,41349,Hobo,Comercial,876247
2016,41357,Iquira,Comercial,114694
2016,41359,Isnos,Comercial,633483
2016,41378,La Argentina,Comercial,107910
2016,41396,La Plata,Comercial,2685855
2016,41483,Nataga,Comercial,89286
2016,41503,Oporapa,Comercial,183514
2016,41518,Paicol,Comercial,78986
2016,41524,Palermo,Comercial,4798185
2016,41530,Palestina,Comercial,205883
2016,41548,Pital,Comercial,291591
2016,41551,Pitalito,Comercial,12771437
2016,41615,Rivera,Comercial,1772385
2016,41660,Saladoblanco,Comercial,252279
2016,41668,San Agustin,Comercial,1008833
2016,41676,Santa Maria,Comercial,286555
2016,41770,Suaza,Comercial,354945
2016,41791,Tarqui,Comercial,400383
2016,41799,Tello,Comercial,294270
2016,41801,Teruel,Comercial,254243
2016,41797,Tesalia,Comercial,382446
2016,41807,Timana,Comercial,691816
2016,41872,Villavieja,Comercial,115998
2016,41885,Yaguara,Comercial,509272
2015,41001,Neiva,Comercial,121718312
2015,41006,Acevedo,Comercial,1188440
2015,41013,Agrado,Comercial,374549
2015,41016,Aipe,Comercial,1246081
2015,41020,Algeciras,Comercial,752472
2015,41026,Altamira,Comercial,200902
2015,41078,Baraya,Comercial,310839
2015,41132,Campoalegre,Comercial,2746277
2015,41206,Colombia,Comercial,132230
2015,41244,Elias,Comercial,316760
2015,41298,Garzon,Comercial,155804
2015,41306,Gigante,Comercial,6266162
2015,41319,Guadalupe,Comercial,1647117
2015,41349,Hobo,Comercial,435562
2015,41357,Iquira,Comercial,996237
2015,41359,Isnos,Comercial,165205
2015,41378,La Argentina,Comercial,703315
2015,41396,La Plata,Comercial,133503
2015,41483,Nataga,Comercial,3509911
2015,41503,Oporapa,Comercial,105454
2015,41518,Paicol,Comercial,185973
2015,41524,Palermo,Comercial,113805
2015,41530,Palestina,Comercial,6640360
2015,41548,Pital,Comercial,251278
2015,41551,Pitalito,Comercial,17336173
2015,41615,Rivera,Comercial,2189606
2015,41660,Saladoblanco,Comercial,307315
2015,41668,San Agustin,Comercial,1145324
2015,41676,Santa Maria,Comercial,313017
2015,41770,Suaza,Comercial,401403
2015,41791,Tarqui,Comercial,463436
2015,41799,Tello,Comercial,403029
2015,41801,Teruel,Comercial,347243
2015,41797,Tesalia,Comercial,478488
2015,41807,Timana,Comercial,722703
2015,41872,Villavieja,Comercial,125651
2015,41885,Yaguara,Comercial,662273
2014,41001, NEIVA,Comercial,76785745
2014,41006, ACEVEDO,Comercial,954978
2014,41013, AGRADO,Comercial,336464
2014,41016, AIPE,Comercial,1102650
2014,41020, ALGECIRAS,Comercial,526413
2014,41026, ALTAMIRA,Comercial,166441
2014,41078, BARAYA,Comercial,318460
2014,41132, CAMPOALEGRE,Comercial,2377588
2014,41206, COLOMBIA,Comercial,124670
2014,41244,Elias,Comercial,115598
2014,41298,Garzon,Comercial,4423003
2014,41306, GIGANTE,Comercial,1196475
2014,41319, GUADALUPE,Comercial,355979
2014,41349, HOBO,Comercial,1003048
2014,41357, IQUIRA,Comercial,152988
2014,41359, ISNOS,Comercial,514646
2014,41378, LA ARGENTINA,Comercial,85998
2014,41396, LA PLATA,Comercial,2649949
2014,41483,Nataga,Comercial,87865
2014,41503, OPORAPA,Comercial,165856
2014,41518, PAICOL,Comercial,81466
2014,41524, PALERMO,Comercial,4152588
2014,41530, PALESTINA,Comercial,200196
2014,41548, PITAL,Comercial,265327
2014,41551, PITALITO,Comercial,13275961
2014,41615, RIVERA,Comercial,1704871
2014,41660,Saladoblanco,Comercial,207739
2014,41668,San Agustin,Comercial,1121175
2014,41676,Santa Maria,Comercial,278760
2014,41770, SUAZA,Comercial,290017
2014,41791, TARQUI,Comercial,346001
2014,41799, TELLO,Comercial,284536
2014,41801, TERUEL,Comercial,255552
2014,41797, TESALIA,Comercial,457018
2014,41807,Timana,Comercial,790907
2014,41872, VILLAVIEJA,Comercial,86403
2014,41885,Yaguara,Comercial,1322346
2013,41001, NEIVA,Comercial,84653325
2013,41006, ACEVEDO,Comercial,957097
2013,41013, AGRADO,Comercial,306122
2013,41016, AIPE,Comercial,1027091
2013,41020, ALGECIRAS,Comercial,466868
2013,41026, ALTAMIRA,Comercial,152373
2013,41078, BARAYA,Comercial,184953
2013,41132, CAMPOALEGRE,Comercial,1977330
2013,41206, COLOMBIA,Comercial,123855
2013,41244, EL PITAL,Comercial,233779
2013,41298,Elias,Comercial,117496
2013,41306,Garzon,Comercial,4732396
2013,41319, GIGANTE,Comercial,1320346
2013,41349, GUADALUPE,Comercial,313944
2013,41357, HOBO,Comercial,634864
2013,41359, IQUIRA,Comercial,136773
2013,41378, ISNOS,Comercial,497920
2013,41396, LA ARGENTINA,Comercial,107301
2013,41483, LA PLATA,Comercial,2465154
2013,41503,Nataga,Comercial,88626
2013,41518, OPORAPA,Comercial,148310
2013,41524, PAICOL,Comercial,75366
2013,41530, PALERMO,Comercial,5248174
2013,41548, PALESTINA,Comercial,182750
2013,41551, PITALITO,Comercial,13123451
2013,41615, RIVERA,Comercial,1574887
2013,41660,Saladoblanco,Comercial,159077
2013,41668,San Agustin,Comercial,1109577
2013,41676,Santa Maria,Comercial,282698
2013,41770, SUAZA,Comercial,267831
2013,41791, TARQUI,Comercial,285333
2013,41799, TELLO,Comercial,224402
2013,41801, TERUEL,Comercial,233169
2013,41797, TESALIA,Comercial,451272
2013,41807,Timana,Comercial,840425
2013,41872, VILLAVIEJA,Comercial,75980
2013,41885,Yaguara,Comercial,1569469
2018,41001,Neiva,Oficial,13090671
2018,41006,Acevedo,Oficial,264286
2018,41013,Agrado,Oficial,98912
2018,41016,Aipe,Oficial,896657
2018,41020,Algeciras,Oficial,499573
2018,41026,Altamira,Oficial,63642
2018,41078,Baraya,Oficial,208388
2018,41132,Campoalegre,Oficial,581750
2018,41206,Colombia,Oficial,128235
2018,41244,Elias,Oficial,57393
2018,41298,Garzon,Oficial,1681532
2018,41306,Gigante,Oficial,390951
2018,41319,Guadalupe,Oficial,381551
2018,41349,Hobo,Oficial,148947
2018,41357,Iquira,Oficial,79422
2018,41359,Isnos,Oficial,242175
2018,41378,La Argentina,Oficial,88280
2018,41396,La Plata,Oficial,1600129
2018,41483,Nataga,Oficial,56756
2018,41503,Oporapa,Oficial,84622
2018,41518,Paicol,Oficial,145404
2018,41524,Palermo,Oficial,724315
2018,41530,Palestina,Oficial,101606
2018,41548,Pital,Oficial,115853
2018,41551,Pitalito,Oficial,2102558
2018,41615,Rivera,Oficial,991579
2018,41660,Saladoblanco,Oficial,119173
2018,41668,San Agustin,Oficial,201023
2018,41676,Santa Maria,Oficial,116354
2018,41770,Suaza,Oficial,287029
2018,41791,Tarqui,Oficial,190596
2018,41799,Tello,Oficial,195745
2018,41801,Teruel,Oficial,129693
2018,41797,Tesalia,Oficial,143888
2018,41807,Timana,Oficial,174812
2018,41872,Villavieja,Oficial,143222
2018,41885,Yaguara,Oficial,319599
2017,41001,Neiva,Oficial,22420126
2017,41006,Acevedo,Oficial,272433
2017,41013,Agrado,Oficial,173707
2017,41016,Aipe,Oficial,899009
2017,41020,Algeciras,Oficial,401020
2017,41026,Altamira,Oficial,69713
2017,41078,Baraya,Oficial,229488
2017,41132,Campoalegre,Oficial,1202540
2017,41206,Colombia,Oficial,129497
2017,41548,El Pital,Oficial,173023
2017,41244,Elias,Oficial,63919
2017,41298,Garzon,Oficial,2187963
2017,41306,Gigante,Oficial,486574
2017,41319,Guadalupe,Oficial,380087
2017,41349,Hobo,Oficial,218556
2017,41357,Iquira,Oficial,127574
2017,41359,Isnos,Oficial,248983
2017,41378,La Argentina,Oficial,103477
2017,41396,La Plata,Oficial,1682762
2017,41483,Nataga,Oficial,59541
2017,41503,Oporapa,Oficial,101534
2017,41518,Paicol,Oficial,147950
2017,41524,Palermo,Oficial,906565
2017,41530,Palestina,Oficial,126427
2017,41551,Pitalito,Oficial,2574301
2017,41615,Rivera,Oficial,1154570
2017,41660,Saladoblanco,Oficial,131945
2017,41668,San Agustin,Oficial,323357
2017,41676,Santa Maria,Oficial,127252
2017,41770,Suaza,Oficial,259882
2017,41791,Tarqui,Oficial,228212
2017,41799,Tello,Oficial,234419
2017,41801,Teruel,Oficial,126405
2017,41797,Tesalia,Oficial,201338
2017,41807,Timana,Oficial,311844
2017,41872,Villavieja,Oficial,235026
2017,41885,Yaguara,Oficial,409766
2016,41001,Neiva,Oficial,26642463
2016,41006,Acevedo,Oficial,214414
2016,41013,Agrado,Oficial,98988
2016,41016,Aipe,Oficial,638381
2016,41020,Algeciras,Oficial,338399
2016,41026,Altamira,Oficial,54582
2016,41078,Baraya,Oficial,311877
2016,41132,Campoalegre,Oficial,570881
2016,41206,Colombia,Oficial,107026
2016,41244,Elias,Oficial,56027
2016,41298,Garzon,Oficial,1468575
2016,41306,Gigante,Oficial,285893
2016,41319,Guadalupe,Oficial,323592
2016,41349,Hobo,Oficial,132018
2016,41357,Iquira,Oficial,68008
2016,41359,Isnos,Oficial,205107
2016,41378,La Argentina,Oficial,88906
2016,41396,La Plata,Oficial,1361681
2016,41483,Nataga,Oficial,59053
2016,41503,Oporapa,Oficial,72957
2016,41518,Paicol,Oficial,110875
2016,41524,Palermo,Oficial,1283556
2016,41530,Palestina,Oficial,76200
2016,41548,Pital,Oficial,99359
2016,41551,Pitalito,Oficial,2740077
2016,41615,Rivera,Oficial,838048
2016,41660,Saladoblanco,Oficial,117995
2016,41668,San Agustin,Oficial,154803
2016,41676,Santa Maria,Oficial,86402
2016,41770,Suaza,Oficial,195907
2016,41791,Tarqui,Oficial,173246
2016,41799,Tello,Oficial,203840
2016,41801,Teruel,Oficial,121206
2016,41797,Tesalia,Oficial,113651
2016,41807,Timana,Oficial,157650
2016,41872,Villavieja,Oficial,163847
2016,41885,Yaguara,Oficial,243818
2015,41001,Neiva,Oficial,59494835
2015,41006,Acevedo,Oficial,278736
2015,41013,Agrado,Oficial,166817
2015,41016,Aipe,Oficial,910686
2015,41020,Algeciras,Oficial,375609
2015,41026,Altamira,Oficial,58959
2015,41078,Baraya,Oficial,373264
2015,41132,Campoalegre,Oficial,1302916
2015,41206,Colombia,Oficial,136653
2015,41244,Elias,Oficial,167836
2015,41298,Garzon,Oficial,65734
2015,41306,Gigante,Oficial,2745911
2015,41319,Guadalupe,Oficial,493141
2015,41349,Hobo,Oficial,360603
2015,41357,Iquira,Oficial,200424
2015,41359,Isnos,Oficial,116010
2015,41378,La Argentina,Oficial,261247
2015,41396,La Plata,Oficial,118449
2015,41483,Nataga,Oficial,2226740
2015,41503,Oporapa,Oficial,64731
2015,41518,Paicol,Oficial,108661
2015,41524,Palermo,Oficial,135579
2015,41530,Palestina,Oficial,2320268
2015,41548,Pital,Oficial,122886
2015,41551,Pitalito,Oficial,5245478
2015,41615,Rivera,Oficial,1550973
2015,41660,Saladoblanco,Oficial,116098
2015,41668,San Agustin,Oficial,331986
2015,41676,Santa Maria,Oficial,114216
2015,41770,Suaza,Oficial,255688
2015,41791,Tarqui,Oficial,288003
2015,41799,Tello,Oficial,265785
2015,41801,Teruel,Oficial,206581
2015,41797,Tesalia,Oficial,204630
2015,41807,Timana,Oficial,333395
2015,41872,Villavieja,Oficial,254282
2015,41885,Yaguara,Oficial,483964
2014,41001, NEIVA,Oficial,16666253
2014,41006, ACEVEDO,Oficial,201480
2014,41013, AGRADO,Oficial,74085
2014,41016, AIPE,Oficial,677461
2014,41020, ALGECIRAS,Oficial,333754
2014,41026, ALTAMIRA,Oficial,45575
2014,41078, BARAYA,Oficial,342526
2014,41132, CAMPOALEGRE,Oficial,575780
2014,41206, COLOMBIA,Oficial,126002
2014,41244,Elias,Oficial,58994
2014,41298,Garzon,Oficial,1224149
2014,41306, GIGANTE,Oficial,243276
2014,41319, GUADALUPE,Oficial,305093
2014,41349, HOBO,Oficial,133334
2014,41357, IQUIRA,Oficial,75838
2014,41359, ISNOS,Oficial,200660
2014,41378, LA ARGENTINA,Oficial,99818
2014,41396, LA PLATA,Oficial,1349204
2014,41483,Nataga,Oficial,58018
2014,41503, OPORAPA,Oficial,81343
2014,41518, PAICOL,Oficial,114922
2014,41524, PALERMO,Oficial,737343
2014,41530, PALESTINA,Oficial,90802
2014,41548, PITAL,Oficial,105386
2014,41551, PITALITO,Oficial,1913679
2014,41615, RIVERA,Oficial,1025142
2014,41660,Saladoblanco,Oficial,95382
2014,41668,San Agustin,Oficial,192726
2014,41676,Santa Maria,Oficial,84380
2014,41770, SUAZA,Oficial,196671
2014,41791, TARQUI,Oficial,146184
2014,41799, TELLO,Oficial,227688
2014,41801, TERUEL,Oficial,153804
2014,41797, TESALIA,Oficial,134666
2014,41807,Timana,Oficial,150198
2014,41872, VILLAVIEJA,Oficial,134906
2014,41885,Yaguara,Oficial,220039
2013,41001, NEIVA,Oficial,27302127
2013,41006, ACEVEDO,Oficial,207593
2013,41013, AGRADO,Oficial,74862
2013,41016, AIPE,Oficial,647341
2013,41020, ALGECIRAS,Oficial,306011
2013,41026, ALTAMIRA,Oficial,42876
2013,41078, BARAYA,Oficial,355378
2013,41132, CAMPOALEGRE,Oficial,524904
2013,41206, COLOMBIA,Oficial,125221
2013,41244, EL PITAL,Oficial,109247
2013,41298,Elias,Oficial,55323
2013,41306,Garzon,Oficial,1228773
2013,41319, GIGANTE,Oficial,237311
2013,41349, GUADALUPE,Oficial,332934
2013,41357, HOBO,Oficial,119981
2013,41359, IQUIRA,Oficial,83315
2013,41378, ISNOS,Oficial,196965
2013,41396, LA ARGENTINA,Oficial,105243
2013,41483, LA PLATA,Oficial,1256791
2013,41503,Nataga,Oficial,62813
2013,41518, OPORAPA,Oficial,88935
2013,41524, PAICOL,Oficial,101697
2013,41530, PALERMO,Oficial,1647231
2013,41548, PALESTINA,Oficial,100185
2013,41551, PITALITO,Oficial,2848690
2013,41615, RIVERA,Oficial,911200
2013,41660,Saladoblanco,Oficial,93089
2013,41668,San Agustin,Oficial,181807
2013,41676,Santa Maria,Oficial,84684
2013,41770, SUAZA,Oficial,196153
2013,41791, TARQUI,Oficial,139227
2013,41799, TELLO,Oficial,217291
2013,41801, TERUEL,Oficial,96351
2013,41797, TESALIA,Oficial,129098
2013,41807,Timana,Oficial,138799
2013,41872, VILLAVIEJA,Oficial,116729
2013,41885,Yaguara,Oficial,201968
2018,41001,Neiva,Industrial Riego Autoconsumo y Alumbrado Publico,25482180
2018,41006,Acevedo,Industrial Riego Autoconsumo y Alumbrado Publico,582408
2018,41013,Agrado,Industrial Riego Autoconsumo y Alumbrado Publico,576832
2018,41016,Aipe,Industrial Riego Autoconsumo y Alumbrado Publico,2783773
2018,41020,Algeciras,Industrial Riego Autoconsumo y Alumbrado Publico,551295
2018,41026,Altamira,Industrial Riego Autoconsumo y Alumbrado Publico,1281067
2018,41078,Baraya,Industrial Riego Autoconsumo y Alumbrado Publico,790300
2018,41132,Campoalegre,Industrial Riego Autoconsumo y Alumbrado Publico,4938304
2018,41206,Colombia,Industrial Riego Autoconsumo y Alumbrado Publico,285897
2018,41244,Elias,Industrial Riego Autoconsumo y Alumbrado Publico,109257
2018,41298,Garzon,Industrial Riego Autoconsumo y Alumbrado Publico,5331248
2018,41306,Gigante,Industrial Riego Autoconsumo y Alumbrado Publico,1710086
2018,41319,Guadalupe,Industrial Riego Autoconsumo y Alumbrado Publico,821064
2018,41349,Hobo,Industrial Riego Autoconsumo y Alumbrado Publico,2051506
2018,41357,Iquira,Industrial Riego Autoconsumo y Alumbrado Publico,498308
2018,41359,Isnos,Industrial Riego Autoconsumo y Alumbrado Publico,319709
2018,41378,La Argentina,Industrial Riego Autoconsumo y Alumbrado Publico,443631
2018,41396,La Plata,Industrial Riego Autoconsumo y Alumbrado Publico,2221589
2018,41483,Nataga,Industrial Riego Autoconsumo y Alumbrado Publico,202005
2018,41503,Oporapa,Industrial Riego Autoconsumo y Alumbrado Publico,144749
2018,41518,Paicol,Industrial Riego Autoconsumo y Alumbrado Publico,205685
2018,41524,Palermo,Industrial Riego Autoconsumo y Alumbrado Publico,8760355
2018,41530,Palestina,Industrial Riego Autoconsumo y Alumbrado Publico,165642
2018,41548,Pital,Industrial Riego Autoconsumo y Alumbrado Publico,538676
2018,41551,Pitalito,Industrial Riego Autoconsumo y Alumbrado Publico,7825059
2018,41615,Rivera,Industrial Riego Autoconsumo y Alumbrado Publico,5017479
2018,41660,Saladoblanco,Industrial Riego Autoconsumo y Alumbrado Publico,242845
2018,41668,San Agustin,Industrial Riego Autoconsumo y Alumbrado Publico,710520
2018,41676,Santa Maria,Industrial Riego Autoconsumo y Alumbrado Publico,200759
2018,41770,Suaza,Industrial Riego Autoconsumo y Alumbrado Publico,380738
2018,41791,Tarqui,Industrial Riego Autoconsumo y Alumbrado Publico,499739
2018,41799,Tello,Industrial Riego Autoconsumo y Alumbrado Publico,999285
2018,41801,Teruel,Industrial Riego Autoconsumo y Alumbrado Publico,264826
2018,41797,Tesalia,Industrial Riego Autoconsumo y Alumbrado Publico,1016912
2018,41807,Timana,Industrial Riego Autoconsumo y Alumbrado Publico,682988
2018,41872,Villavieja,Industrial Riego Autoconsumo y Alumbrado Publico,4308313
2018,41885,Yaguara,Industrial Riego Autoconsumo y Alumbrado Publico,1033867
2017,41001,Neiva,Industrial Riego Autoconsumo y Alumbrado Publico,27336764
2017,41006,Acevedo,Industrial Riego Autoconsumo y Alumbrado Publico,506097
2017,41013,Agrado,Industrial Riego Autoconsumo y Alumbrado Publico,526284
2017,41016,Aipe,Industrial Riego Autoconsumo y Alumbrado Publico,2354984
2017,41020,Algeciras,Industrial Riego Autoconsumo y Alumbrado Publico,551493
2017,41026,Altamira,Industrial Riego Autoconsumo y Alumbrado Publico,1385137
2017,41078,Baraya,Industrial Riego Autoconsumo y Alumbrado Publico,608542
2017,41132,Campoalegre,Industrial Riego Autoconsumo y Alumbrado Publico,4287316
2017,41206,Colombia,Industrial Riego Autoconsumo y Alumbrado Publico,272925
2017,41548,El Pital,Industrial Riego Autoconsumo y Alumbrado Publico,674136
2017,41244,Elias,Industrial Riego Autoconsumo y Alumbrado Publico,107738
2017,41298,Garzon,Industrial Riego Autoconsumo y Alumbrado Publico,5137821
2017,41306,Gigante,Industrial Riego Autoconsumo y Alumbrado Publico,1592151
2017,41319,Guadalupe,Industrial Riego Autoconsumo y Alumbrado Publico,677828
2017,41349,Hobo,Industrial Riego Autoconsumo y Alumbrado Publico,1995196
2017,41357,Iquira,Industrial Riego Autoconsumo y Alumbrado Publico,351910
2017,41359,Isnos,Industrial Riego Autoconsumo y Alumbrado Publico,296218
2017,41378,La Argentina,Industrial Riego Autoconsumo y Alumbrado Publico,420647
2017,41396,La Plata,Industrial Riego Autoconsumo y Alumbrado Publico,2193019
2017,41483,Nataga,Industrial Riego Autoconsumo y Alumbrado Publico,293096
2017,41503,Oporapa,Industrial Riego Autoconsumo y Alumbrado Publico,87739
2017,41518,Paicol,Industrial Riego Autoconsumo y Alumbrado Publico,208495
2017,41524,Palermo,Industrial Riego Autoconsumo y Alumbrado Publico,10146905
2017,41530,Palestina,Industrial Riego Autoconsumo y Alumbrado Publico,128620
2017,41551,Pitalito,Industrial Riego Autoconsumo y Alumbrado Publico,8271590
2017,41615,Rivera,Industrial Riego Autoconsumo y Alumbrado Publico,4004378
2017,41660,Saladoblanco,Industrial Riego Autoconsumo y Alumbrado Publico,221176
2017,41668,San Agustin,Industrial Riego Autoconsumo y Alumbrado Publico,724906
2017,41676,Santa Maria,Industrial Riego Autoconsumo y Alumbrado Publico,177899
2017,41770,Suaza,Industrial Riego Autoconsumo y Alumbrado Publico,382047
2017,41791,Tarqui,Industrial Riego Autoconsumo y Alumbrado Publico,500153
2017,41799,Tello,Industrial Riego Autoconsumo y Alumbrado Publico,1028686
2017,41801,Teruel,Industrial Riego Autoconsumo y Alumbrado Publico,226907
2017,41797,Tesalia,Industrial Riego Autoconsumo y Alumbrado Publico,1135509
2017,41807,Timana,Industrial Riego Autoconsumo y Alumbrado Publico,692173
2017,41872,Villavieja,Industrial Riego Autoconsumo y Alumbrado Publico,3142266
2017,41885,Yaguara,Industrial Riego Autoconsumo y Alumbrado Publico,2001221
2016,41001,Neiva,Industrial Riego Autoconsumo y Alumbrado Publico,32754702
2016,41006,Acevedo,Industrial Riego Autoconsumo y Alumbrado Publico,436859
2016,41013,Agrado,Industrial Riego Autoconsumo y Alumbrado Publico,384494
2016,41016,Aipe,Industrial Riego Autoconsumo y Alumbrado Publico,10230188
2016,41020,Algeciras,Industrial Riego Autoconsumo y Alumbrado Publico,595640
2016,41026,Altamira,Industrial Riego Autoconsumo y Alumbrado Publico,1236118
2016,41078,Baraya,Industrial Riego Autoconsumo y Alumbrado Publico,332165
2016,41132,Campoalegre,Industrial Riego Autoconsumo y Alumbrado Publico,3106297
2016,41206,Colombia,Industrial Riego Autoconsumo y Alumbrado Publico,296738
2016,41244,Elias,Industrial Riego Autoconsumo y Alumbrado Publico,103228
2016,41298,Garzon,Industrial Riego Autoconsumo y Alumbrado Publico,5625508
2016,41306,Gigante,Industrial Riego Autoconsumo y Alumbrado Publico,1191012
2016,41319,Guadalupe,Industrial Riego Autoconsumo y Alumbrado Publico,597657
2016,41349,Hobo,Industrial Riego Autoconsumo y Alumbrado Publico,3044906
2016,41357,Iquira,Industrial Riego Autoconsumo y Alumbrado Publico,396424
2016,41359,Isnos,Industrial Riego Autoconsumo y Alumbrado Publico,229390
2016,41378,La Argentina,Industrial Riego Autoconsumo y Alumbrado Publico,372342
2016,41396,La Plata,Industrial Riego Autoconsumo y Alumbrado Publico,1778776
2016,41483,Nataga,Industrial Riego Autoconsumo y Alumbrado Publico,251495
2016,41503,Oporapa,Industrial Riego Autoconsumo y Alumbrado Publico,87121
2016,41518,Paicol,Industrial Riego Autoconsumo y Alumbrado Publico,165108
2016,41524,Palermo,Industrial Riego Autoconsumo y Alumbrado Publico,20891164
2016,41530,Palestina,Industrial Riego Autoconsumo y Alumbrado Publico,78130
2016,41548,Pital,Industrial Riego Autoconsumo y Alumbrado Publico,573096
2016,41551,Pitalito,Industrial Riego Autoconsumo y Alumbrado Publico,8185692
2016,41615,Rivera,Industrial Riego Autoconsumo y Alumbrado Publico,8205561
2016,41660,Saladoblanco,Industrial Riego Autoconsumo y Alumbrado Publico,188280
2016,41668,San Agustin,Industrial Riego Autoconsumo y Alumbrado Publico,588930
2016,41676,Santa Maria,Industrial Riego Autoconsumo y Alumbrado Publico,127722
2016,41770,Suaza,Industrial Riego Autoconsumo y Alumbrado Publico,340634
2016,41791,Tarqui,Industrial Riego Autoconsumo y Alumbrado Publico,419040
2016,41799,Tello,Industrial Riego Autoconsumo y Alumbrado Publico,671920
2016,41801,Teruel,Industrial Riego Autoconsumo y Alumbrado Publico,190194
2016,41797,Tesalia,Industrial Riego Autoconsumo y Alumbrado Publico,2339034
2016,41807,Timana,Industrial Riego Autoconsumo y Alumbrado Publico,660253
2016,41872,Villavieja,Industrial Riego Autoconsumo y Alumbrado Publico,2864744
2016,41885,Yaguara,Industrial Riego Autoconsumo y Alumbrado Publico,2349598
2015,41001,Neiva,Industrial Riego Autoconsumo y Alumbrado Publico,22186277
2015,41006,Acevedo,Industrial Riego Autoconsumo y Alumbrado Publico,470808
2015,41013,Agrado,Industrial Riego Autoconsumo y Alumbrado Publico,513090
2015,41016,Aipe,Industrial Riego Autoconsumo y Alumbrado Publico,14934481
2015,41020,Algeciras,Industrial Riego Autoconsumo y Alumbrado Publico,520164
2015,41026,Altamira,Industrial Riego Autoconsumo y Alumbrado Publico,625286
2015,41078,Baraya,Industrial Riego Autoconsumo y Alumbrado Publico,423990
2015,41132,Campoalegre,Industrial Riego Autoconsumo y Alumbrado Publico,2760993
2015,41206,Colombia,Industrial Riego Autoconsumo y Alumbrado Publico,268354
2015,41244,Elias,Industrial Riego Autoconsumo y Alumbrado Publico,300897
2015,41298,Garzon,Industrial Riego Autoconsumo y Alumbrado Publico,180366
2015,41306,Gigante,Industrial Riego Autoconsumo y Alumbrado Publico,6276340
2015,41319,Guadalupe,Industrial Riego Autoconsumo y Alumbrado Publico,888600
2015,41349,Hobo,Industrial Riego Autoconsumo y Alumbrado Publico,628186
2015,41357,Iquira,Industrial Riego Autoconsumo y Alumbrado Publico,278316
2015,41359,Isnos,Industrial Riego Autoconsumo y Alumbrado Publico,427234
2015,41378,La Argentina,Industrial Riego Autoconsumo y Alumbrado Publico,324267
2015,41396,La Plata,Industrial Riego Autoconsumo y Alumbrado Publico,269412
2015,41483,Nataga,Industrial Riego Autoconsumo y Alumbrado Publico,1323333
2015,41503,Oporapa,Industrial Riego Autoconsumo y Alumbrado Publico,104056
2015,41518,Paicol,Industrial Riego Autoconsumo y Alumbrado Publico,191798
2015,41524,Palermo,Industrial Riego Autoconsumo y Alumbrado Publico,166119
2015,41530,Palestina,Industrial Riego Autoconsumo y Alumbrado Publico,39262457
2015,41548,Pital,Industrial Riego Autoconsumo y Alumbrado Publico,81068
2015,41551,Pitalito,Industrial Riego Autoconsumo y Alumbrado Publico,11770929
2015,41615,Rivera,Industrial Riego Autoconsumo y Alumbrado Publico,14245188
2015,41660,Saladoblanco,Industrial Riego Autoconsumo y Alumbrado Publico,263128
2015,41668,San Agustin,Industrial Riego Autoconsumo y Alumbrado Publico,601302
2015,41676,Santa Maria,Industrial Riego Autoconsumo y Alumbrado Publico,139646
2015,41770,Suaza,Industrial Riego Autoconsumo y Alumbrado Publico,313626
2015,41791,Tarqui,Industrial Riego Autoconsumo y Alumbrado Publico,374107
2015,41799,Tello,Industrial Riego Autoconsumo y Alumbrado Publico,1082700
2015,41801,Teruel,Industrial Riego Autoconsumo y Alumbrado Publico,200789
2015,41797,Tesalia,Industrial Riego Autoconsumo y Alumbrado Publico,3502535
2015,41807,Timana,Industrial Riego Autoconsumo y Alumbrado Publico,572336
2015,41872,Villavieja,Industrial Riego Autoconsumo y Alumbrado Publico,4789059
2015,41885,Yaguara,Industrial Riego Autoconsumo y Alumbrado Publico,6697230
2014,41001, NEIVA,Industrial Riego Autoconsumo y Alumbrado Publico,26081398
2014,41006, ACEVEDO,Industrial Riego Autoconsumo y Alumbrado Publico,379146
2014,41013, AGRADO,Industrial Riego Autoconsumo y Alumbrado Publico,700379
2014,41016, AIPE,Industrial Riego Autoconsumo y Alumbrado Publico,1518696
2014,41020, ALGECIRAS,Industrial Riego Autoconsumo y Alumbrado Publico,610740
2014,41026, ALTAMIRA,Industrial Riego Autoconsumo y Alumbrado Publico,533970
2014,41078, BARAYA,Industrial Riego Autoconsumo y Alumbrado Publico,313644
2014,41132, CAMPOALEGRE,Industrial Riego Autoconsumo y Alumbrado Publico,1718420
2014,41206, COLOMBIA,Industrial Riego Autoconsumo y Alumbrado Publico,241431
2014,41244,Elias,Industrial Riego Autoconsumo y Alumbrado Publico,139774
2014,41298,Garzon,Industrial Riego Autoconsumo y Alumbrado Publico,4709484
2014,41306, GIGANTE,Industrial Riego Autoconsumo y Alumbrado Publico,966106
2014,41319, GUADALUPE,Industrial Riego Autoconsumo y Alumbrado Publico,683160
2014,41349, HOBO,Industrial Riego Autoconsumo y Alumbrado Publico,711350
2014,41357, IQUIRA,Industrial Riego Autoconsumo y Alumbrado Publico,380291
2014,41359, ISNOS,Industrial Riego Autoconsumo y Alumbrado Publico,332688
2014,41378, LA ARGENTINA,Industrial Riego Autoconsumo y Alumbrado Publico,372508
2014,41396, LA PLATA,Industrial Riego Autoconsumo y Alumbrado Publico,1918305
2014,41483,Nataga,Industrial Riego Autoconsumo y Alumbrado Publico,276286
2014,41503, OPORAPA,Industrial Riego Autoconsumo y Alumbrado Publico,80286
2014,41518, PAICOL,Industrial Riego Autoconsumo y Alumbrado Publico,193536
2014,41524, PALERMO,Industrial Riego Autoconsumo y Alumbrado Publico,7152709
2014,41530, PALESTINA,Industrial Riego Autoconsumo y Alumbrado Publico,76574
2014,41548, PITAL,Industrial Riego Autoconsumo y Alumbrado Publico,570438
2014,41551, PITALITO,Industrial Riego Autoconsumo y Alumbrado Publico,5737576
2014,41615, RIVERA,Industrial Riego Autoconsumo y Alumbrado Publico,3414110
2014,41660,Saladoblanco,Industrial Riego Autoconsumo y Alumbrado Publico,250381
2014,41668,San Agustin,Industrial Riego Autoconsumo y Alumbrado Publico,493272
2014,41676,Santa Maria,Industrial Riego Autoconsumo y Alumbrado Publico,136889
2014,41770, SUAZA,Industrial Riego Autoconsumo y Alumbrado Publico,354094
2014,41791, TARQUI,Industrial Riego Autoconsumo y Alumbrado Publico,525775
2014,41799, TELLO,Industrial Riego Autoconsumo y Alumbrado Publico,477437
2014,41801, TERUEL,Industrial Riego Autoconsumo y Alumbrado Publico,228382
2014,41797, TESALIA,Industrial Riego Autoconsumo y Alumbrado Publico,783881
2014,41807,Timana,Industrial Riego Autoconsumo y Alumbrado Publico,500929
2014,41872, VILLAVIEJA,Industrial Riego Autoconsumo y Alumbrado Publico,946451
2014,41885,Yaguara,Industrial Riego Autoconsumo y Alumbrado Publico,1881497
2013,41001, NEIVA,Industrial Riego Autoconsumo y Alumbrado Publico,34122656
2013,41006, ACEVEDO,Industrial Riego Autoconsumo y Alumbrado Publico,365432
2013,41013, AGRADO,Industrial Riego Autoconsumo y Alumbrado Publico,626131
2013,41016, AIPE,Industrial Riego Autoconsumo y Alumbrado Publico,9175669
2013,41020, ALGECIRAS,Industrial Riego Autoconsumo y Alumbrado Publico,508051
2013,41026, ALTAMIRA,Industrial Riego Autoconsumo y Alumbrado Publico,761959
2013,41078, BARAYA,Industrial Riego Autoconsumo y Alumbrado Publico,359162
2013,41132, CAMPOALEGRE,Industrial Riego Autoconsumo y Alumbrado Publico,2116218
2013,41206, COLOMBIA,Industrial Riego Autoconsumo y Alumbrado Publico,233724
2013,41244, EL PITAL,Industrial Riego Autoconsumo y Alumbrado Publico,545019
2013,41298,Elias,Industrial Riego Autoconsumo y Alumbrado Publico,114989
2013,41306,Garzon,Industrial Riego Autoconsumo y Alumbrado Publico,6125252
2013,41319, GIGANTE,Industrial Riego Autoconsumo y Alumbrado Publico,992990
2013,41349, GUADALUPE,Industrial Riego Autoconsumo y Alumbrado Publico,633674
2013,41357, HOBO,Industrial Riego Autoconsumo y Alumbrado Publico,2379792
2013,41359, IQUIRA,Industrial Riego Autoconsumo y Alumbrado Publico,359235
2013,41378, ISNOS,Industrial Riego Autoconsumo y Alumbrado Publico,346565
2013,41396, LA ARGENTINA,Industrial Riego Autoconsumo y Alumbrado Publico,359511
2013,41483, LA PLATA,Industrial Riego Autoconsumo y Alumbrado Publico,1888952
2013,41503,Nataga,Industrial Riego Autoconsumo y Alumbrado Publico,250148
2013,41518, OPORAPA,Industrial Riego Autoconsumo y Alumbrado Publico,95849
2013,41524, PAICOL,Industrial Riego Autoconsumo y Alumbrado Publico,185065
2013,41530, PALERMO,Industrial Riego Autoconsumo y Alumbrado Publico,19974081
2013,41548, PALESTINA,Industrial Riego Autoconsumo y Alumbrado Publico,75618
2013,41551, PITALITO,Industrial Riego Autoconsumo y Alumbrado Publico,6353773
2013,41615, RIVERA,Industrial Riego Autoconsumo y Alumbrado Publico,5364469
2013,41660,Saladoblanco,Industrial Riego Autoconsumo y Alumbrado Publico,248612
2013,41668,San Agustin,Industrial Riego Autoconsumo y Alumbrado Publico,480830
2013,41676,Santa Maria,Industrial Riego Autoconsumo y Alumbrado Publico,180289
2013,41770, SUAZA,Industrial Riego Autoconsumo y Alumbrado Publico,301334
2013,41791, TARQUI,Industrial Riego Autoconsumo y Alumbrado Publico,538468
2013,41799, TELLO,Industrial Riego Autoconsumo y Alumbrado Publico,670196
2013,41801, TERUEL,Industrial Riego Autoconsumo y Alumbrado Publico,244019
2013,41797, TESALIA,Industrial Riego Autoconsumo y Alumbrado Publico,1907988
2013,41807,Timana,Industrial Riego Autoconsumo y Alumbrado Publico,483004
2013,41872, VILLAVIEJA,Industrial Riego Autoconsumo y Alumbrado Publico,1479996
2013,41885,Yaguara,Industrial Riego Autoconsumo y Alumbrado Publico,2249549
2018,41001,Neiva,Areas Comunes Provisional Bombeo y Especial,15892064
2018,41006,Acevedo,Areas Comunes Provisional Bombeo y Especial,68758
2018,41013,Agrado,Areas Comunes Provisional Bombeo y Especial,73408
2018,41016,Aipe,Areas Comunes Provisional Bombeo y Especial,59040
2018,41020,Algeciras,Areas Comunes Provisional Bombeo y Especial,34170
2018,41026,Altamira,Areas Comunes Provisional Bombeo y Especial,2355
2018,41078,Baraya,Areas Comunes Provisional Bombeo y Especial,6817
2018,41132,Campoalegre,Areas Comunes Provisional Bombeo y Especial,717679
2018,41206,Colombia,Areas Comunes Provisional Bombeo y Especial,13539
2018,41244,Elias,Areas Comunes Provisional Bombeo y Especial,9271
2018,41298,Garzon,Areas Comunes Provisional Bombeo y Especial,697894
2018,41306,Gigante,Areas Comunes Provisional Bombeo y Especial,166501
2018,41319,Guadalupe,Areas Comunes Provisional Bombeo y Especial,27106
2018,41349,Hobo,Areas Comunes Provisional Bombeo y Especial,90909
2018,41357,Iquira,Areas Comunes Provisional Bombeo y Especial,50092
2018,41359,Isnos,Areas Comunes Provisional Bombeo y Especial,57733
2018,41378,La Argentina,Areas Comunes Provisional Bombeo y Especial,15853
2018,41396,La Plata,Areas Comunes Provisional Bombeo y Especial,133393
2018,41483,Nataga,Areas Comunes Provisional Bombeo y Especial,4222
2018,41503,Oporapa,Areas Comunes Provisional Bombeo y Especial,9640
2018,41518,Paicol,Areas Comunes Provisional Bombeo y Especial,39837
2018,41524,Palermo,Areas Comunes Provisional Bombeo y Especial,1903583
2018,41530,Palestina,Areas Comunes Provisional Bombeo y Especial,38076
2018,41548,Pital,Areas Comunes Provisional Bombeo y Especial,67049
2018,41551,Pitalito,Areas Comunes Provisional Bombeo y Especial,1156743
2018,41615,Rivera,Areas Comunes Provisional Bombeo y Especial,649669
2018,41660,Saladoblanco,Areas Comunes Provisional Bombeo y Especial,12480
2018,41668,San Agustin,Areas Comunes Provisional Bombeo y Especial,200213
2018,41676,Santa Maria,Areas Comunes Provisional Bombeo y Especial,16781
2018,41770,Suaza,Areas Comunes Provisional Bombeo y Especial,7256
2018,41791,Tarqui,Areas Comunes Provisional Bombeo y Especial,39419
2018,41799,Tello,Areas Comunes Provisional Bombeo y Especial,289971
2018,41801,Teruel,Areas Comunes Provisional Bombeo y Especial,4044
2018,41797,Tesalia,Areas Comunes Provisional Bombeo y Especial,103222
2018,41807,Timana,Areas Comunes Provisional Bombeo y Especial,178546
2018,41872,Villavieja,Areas Comunes Provisional Bombeo y Especial,193109
2018,41885,Yaguara,Areas Comunes Provisional Bombeo y Especial,712045
2017,41001,Neiva,Areas Comunes Provisional Bombeo y Especial,19854688
2017,41006,Acevedo,Areas Comunes Provisional Bombeo y Especial,67913
2017,41013,Agrado,Areas Comunes Provisional Bombeo y Especial,82026
2017,41016,Aipe,Areas Comunes Provisional Bombeo y Especial,104511
2017,41020,Algeciras,Areas Comunes Provisional Bombeo y Especial,38832
2017,41026,Altamira,Areas Comunes Provisional Bombeo y Especial,2260
2017,41078,Baraya,Areas Comunes Provisional Bombeo y Especial,6025
2017,41132,Campoalegre,Areas Comunes Provisional Bombeo y Especial,692688
2017,41206,Colombia,Areas Comunes Provisional Bombeo y Especial,2033
2017,41548,El Pital,Areas Comunes Provisional Bombeo y Especial,61295
2017,41244,Elias,Areas Comunes Provisional Bombeo y Especial,13275
2017,41298,Garzon,Areas Comunes Provisional Bombeo y Especial,724686
2017,41306,Gigante,Areas Comunes Provisional Bombeo y Especial,176514
2017,41319,Guadalupe,Areas Comunes Provisional Bombeo y Especial,26793
2017,41349,Hobo,Areas Comunes Provisional Bombeo y Especial,64144
2017,41357,Iquira,Areas Comunes Provisional Bombeo y Especial,51682
2017,41359,Isnos,Areas Comunes Provisional Bombeo y Especial,82953
2017,41378,La Argentina,Areas Comunes Provisional Bombeo y Especial,15729
2017,41396,La Plata,Areas Comunes Provisional Bombeo y Especial,149480
2017,41483,Nataga,Areas Comunes Provisional Bombeo y Especial,5394
2017,41503,Oporapa,Areas Comunes Provisional Bombeo y Especial,9589
2017,41518,Paicol,Areas Comunes Provisional Bombeo y Especial,43152
2017,41524,Palermo,Areas Comunes Provisional Bombeo y Especial,1201947
2017,41530,Palestina,Areas Comunes Provisional Bombeo y Especial,28987
2017,41551,Pitalito,Areas Comunes Provisional Bombeo y Especial,1086722
2017,41615,Rivera,Areas Comunes Provisional Bombeo y Especial,628540
2017,41660,Saladoblanco,Areas Comunes Provisional Bombeo y Especial,12742
2017,41668,San Agustin,Areas Comunes Provisional Bombeo y Especial,213376
2017,41676,Santa Maria,Areas Comunes Provisional Bombeo y Especial,23069
2017,41770,Suaza,Areas Comunes Provisional Bombeo y Especial,10119
2017,41791,Tarqui,Areas Comunes Provisional Bombeo y Especial,33404
2017,41799,Tello,Areas Comunes Provisional Bombeo y Especial,25316
2017,41801,Teruel,Areas Comunes Provisional Bombeo y Especial,7426
2017,41797,Tesalia,Areas Comunes Provisional Bombeo y Especial,74602
2017,41807,Timana,Areas Comunes Provisional Bombeo y Especial,220145
2017,41872,Villavieja,Areas Comunes Provisional Bombeo y Especial,209133
2017,41885,Yaguara,Areas Comunes Provisional Bombeo y Especial,519769
2016,41001,Neiva,Areas Comunes Provisional Bombeo y Especial,15002942
2016,41006,Acevedo,Areas Comunes Provisional Bombeo y Especial,87170
2016,41013,Agrado,Areas Comunes Provisional Bombeo y Especial,83941
2016,41016,Aipe,Areas Comunes Provisional Bombeo y Especial,49253
2016,41020,Algeciras,Areas Comunes Provisional Bombeo y Especial,32472
2016,41026,Altamira,Areas Comunes Provisional Bombeo y Especial,1886
2016,41078,Baraya,Areas Comunes Provisional Bombeo y Especial,29552
2016,41132,Campoalegre,Areas Comunes Provisional Bombeo y Especial,494033
2016,41206,Colombia,Areas Comunes Provisional Bombeo y Especial,6733
2016,41244,Elias,Areas Comunes Provisional Bombeo y Especial,6935
2016,41298,Garzon,Areas Comunes Provisional Bombeo y Especial,704354
2016,41306,Gigante,Areas Comunes Provisional Bombeo y Especial,164525
2016,41319,Guadalupe,Areas Comunes Provisional Bombeo y Especial,21945
2016,41349,Hobo,Areas Comunes Provisional Bombeo y Especial,34780
2016,41357,Iquira,Areas Comunes Provisional Bombeo y Especial,46167
2016,41359,Isnos,Areas Comunes Provisional Bombeo y Especial,36961
2016,41378,La Argentina,Areas Comunes Provisional Bombeo y Especial,17150
2016,41396,La Plata,Areas Comunes Provisional Bombeo y Especial,132981
2016,41483,Nataga,Areas Comunes Provisional Bombeo y Especial,4958
2016,41503,Oporapa,Areas Comunes Provisional Bombeo y Especial,5893
2016,41518,Paicol,Areas Comunes Provisional Bombeo y Especial,51524
2016,41524,Palermo,Areas Comunes Provisional Bombeo y Especial,1320301
2016,41530,Palestina,Areas Comunes Provisional Bombeo y Especial,29785
2016,41548,Pital,Areas Comunes Provisional Bombeo y Especial,48229
2016,41551,Pitalito,Areas Comunes Provisional Bombeo y Especial,890474
2016,41615,Rivera,Areas Comunes Provisional Bombeo y Especial,486015
2016,41660,Saladoblanco,Areas Comunes Provisional Bombeo y Especial,9103
2016,41668,San Agustin,Areas Comunes Provisional Bombeo y Especial,158556
2016,41676,Santa Maria,Areas Comunes Provisional Bombeo y Especial,20359
2016,41770,Suaza,Areas Comunes Provisional Bombeo y Especial,7838
2016,41791,Tarqui,Areas Comunes Provisional Bombeo y Especial,31613
2016,41799,Tello,Areas Comunes Provisional Bombeo y Especial,4245
2016,41801,Teruel,Areas Comunes Provisional Bombeo y Especial,7261
2016,41797,Tesalia,Areas Comunes Provisional Bombeo y Especial,69598
2016,41807,Timana,Areas Comunes Provisional Bombeo y Especial,125227
2016,41872,Villavieja,Areas Comunes Provisional Bombeo y Especial,180978
2016,41885,Yaguara,Areas Comunes Provisional Bombeo y Especial,183630
2015,41001,Neiva,Areas Comunes Provisional Bombeo y Especial,2899038
2015,41006,Acevedo,Areas Comunes Provisional Bombeo y Especial,0
2015,41013,Agrado,Areas Comunes Provisional Bombeo y Especial,0
2015,41016,Aipe,Areas Comunes Provisional Bombeo y Especial,5886
2015,41020,Algeciras,Areas Comunes Provisional Bombeo y Especial,17425
2015,41026,Altamira,Areas Comunes Provisional Bombeo y Especial,0
2015,41078,Baraya,Areas Comunes Provisional Bombeo y Especial,0
2015,41132,Campoalegre,Areas Comunes Provisional Bombeo y Especial,3823
2015,41206,Colombia,Areas Comunes Provisional Bombeo y Especial,279
2015,41244,Elias,Areas Comunes Provisional Bombeo y Especial,0
2015,41298,Garzon,Areas Comunes Provisional Bombeo y Especial,0
2015,41306,Gigante,Areas Comunes Provisional Bombeo y Especial,141040
2015,41319,Guadalupe,Areas Comunes Provisional Bombeo y Especial,0
2015,41349,Hobo,Areas Comunes Provisional Bombeo y Especial,12508
2015,41357,Iquira,Areas Comunes Provisional Bombeo y Especial,18183
2015,41359,Isnos,Areas Comunes Provisional Bombeo y Especial,0
2015,41378,La Argentina,Areas Comunes Provisional Bombeo y Especial,9738
2015,41396,La Plata,Areas Comunes Provisional Bombeo y Especial,644
2015,41483,Nataga,Areas Comunes Provisional Bombeo y Especial,17846
2015,41503,Oporapa,Areas Comunes Provisional Bombeo y Especial,0
2015,41518,Paicol,Areas Comunes Provisional Bombeo y Especial,9
2015,41524,Palermo,Areas Comunes Provisional Bombeo y Especial,968
2015,41530,Palestina,Areas Comunes Provisional Bombeo y Especial,715076
2015,41548,Pital,Areas Comunes Provisional Bombeo y Especial,0
2015,41551,Pitalito,Areas Comunes Provisional Bombeo y Especial,87024
2015,41615,Rivera,Areas Comunes Provisional Bombeo y Especial,170271
2015,41660,Saladoblanco,Areas Comunes Provisional Bombeo y Especial,0
2015,41668,San Agustin,Areas Comunes Provisional Bombeo y Especial,17516
2015,41676,Santa Maria,Areas Comunes Provisional Bombeo y Especial,0
2015,41770,Suaza,Areas Comunes Provisional Bombeo y Especial,6161
2015,41791,Tarqui,Areas Comunes Provisional Bombeo y Especial,4049
2015,41799,Tello,Areas Comunes Provisional Bombeo y Especial,1581
2015,41801,Teruel,Areas Comunes Provisional Bombeo y Especial,0
2015,41797,Tesalia,Areas Comunes Provisional Bombeo y Especial,0
2015,41807,Timana,Areas Comunes Provisional Bombeo y Especial,36
2015,41872,Villavieja,Areas Comunes Provisional Bombeo y Especial,173390
2015,41885,Yaguara,Areas Comunes Provisional Bombeo y Especial,23310
2014,41001, NEIVA,Areas Comunes Provisional Bombeo y Especial,11281513
2014,41006, ACEVEDO,Areas Comunes Provisional Bombeo y Especial,24831
2014,41013, AGRADO,Areas Comunes Provisional Bombeo y Especial,64869
2014,41016, AIPE,Areas Comunes Provisional Bombeo y Especial,81421
2014,41020, ALGECIRAS,Areas Comunes Provisional Bombeo y Especial,26593
2014,41026, ALTAMIRA,Areas Comunes Provisional Bombeo y Especial,4123
2014,41078, BARAYA,Areas Comunes Provisional Bombeo y Especial,3690
2014,41132, CAMPOALEGRE,Areas Comunes Provisional Bombeo y Especial,515059
2014,41206, COLOMBIA,Areas Comunes Provisional Bombeo y Especial,2620
2014,41244,Elias,Areas Comunes Provisional Bombeo y Especial,5858
2014,41298,Garzon,Areas Comunes Provisional Bombeo y Especial,760217
2014,41306, GIGANTE,Areas Comunes Provisional Bombeo y Especial,187350
2014,41319, GUADALUPE,Areas Comunes Provisional Bombeo y Especial,35634
2014,41349, HOBO,Areas Comunes Provisional Bombeo y Especial,65230
2014,41357, IQUIRA,Areas Comunes Provisional Bombeo y Especial,49811
2014,41359, ISNOS,Areas Comunes Provisional Bombeo y Especial,31642
2014,41378, LA ARGENTINA,Areas Comunes Provisional Bombeo y Especial,15411
2014,41396, LA PLATA,Areas Comunes Provisional Bombeo y Especial,150444
2014,41483,Nataga,Areas Comunes Provisional Bombeo y Especial,4246
2014,41503, OPORAPA,Areas Comunes Provisional Bombeo y Especial,11761
2014,41518, PAICOL,Areas Comunes Provisional Bombeo y Especial,44695
2014,41524, PALERMO,Areas Comunes Provisional Bombeo y Especial,514375
2014,41530, PALESTINA,Areas Comunes Provisional Bombeo y Especial,26486
2014,41548, PITAL,Areas Comunes Provisional Bombeo y Especial,83279
2014,41551, PITALITO,Areas Comunes Provisional Bombeo y Especial,829142
2014,41615, RIVERA,Areas Comunes Provisional Bombeo y Especial,428589
2014,41660,Saladoblanco,Areas Comunes Provisional Bombeo y Especial,18519
2014,41668,San Agustin,Areas Comunes Provisional Bombeo y Especial,144800
2014,41676,Santa Maria,Areas Comunes Provisional Bombeo y Especial,20253
2014,41770, SUAZA,Areas Comunes Provisional Bombeo y Especial,8376
2014,41791, TARQUI,Areas Comunes Provisional Bombeo y Especial,35888
2014,41799, TELLO,Areas Comunes Provisional Bombeo y Especial,4567
2014,41801, TERUEL,Areas Comunes Provisional Bombeo y Especial,9721
2014,41797, TESALIA,Areas Comunes Provisional Bombeo y Especial,59695
2014,41807,Timana,Areas Comunes Provisional Bombeo y Especial,126770
2014,41872, VILLAVIEJA,Areas Comunes Provisional Bombeo y Especial,176011
2014,41885,Yaguara,Areas Comunes Provisional Bombeo y Especial,192624
2013,41001, NEIVA,Areas Comunes Provisional Bombeo y Especial,9650083
2013,41006, ACEVEDO,Areas Comunes Provisional Bombeo y Especial,27962
2013,41013, AGRADO,Areas Comunes Provisional Bombeo y Especial,68640
2013,41016, AIPE,Areas Comunes Provisional Bombeo y Especial,117850
2013,41020, ALGECIRAS,Areas Comunes Provisional Bombeo y Especial,21615
2013,41026, ALTAMIRA,Areas Comunes Provisional Bombeo y Especial,10257
2013,41078, BARAYA,Areas Comunes Provisional Bombeo y Especial,15708
2013,41132, CAMPOALEGRE,Areas Comunes Provisional Bombeo y Especial,501809
2013,41206, COLOMBIA,Areas Comunes Provisional Bombeo y Especial,5803
2013,41244, EL PITAL,Areas Comunes Provisional Bombeo y Especial,75311
2013,41298,Elias,Areas Comunes Provisional Bombeo y Especial,5220
2013,41306,Garzon,Areas Comunes Provisional Bombeo y Especial,772804
2013,41319, GIGANTE,Areas Comunes Provisional Bombeo y Especial,199661
2013,41349, GUADALUPE,Areas Comunes Provisional Bombeo y Especial,25487
2013,41357, HOBO,Areas Comunes Provisional Bombeo y Especial,45240
2013,41359, IQUIRA,Areas Comunes Provisional Bombeo y Especial,52221
2013,41378, ISNOS,Areas Comunes Provisional Bombeo y Especial,33149
2013,41396, LA ARGENTINA,Areas Comunes Provisional Bombeo y Especial,15364
2013,41483, LA PLATA,Areas Comunes Provisional Bombeo y Especial,175238
2013,41503,Nataga,Areas Comunes Provisional Bombeo y Especial,4400
2013,41518, OPORAPA,Areas Comunes Provisional Bombeo y Especial,10651
2013,41524, PAICOL,Areas Comunes Provisional Bombeo y Especial,42461
2013,41530, PALERMO,Areas Comunes Provisional Bombeo y Especial,495370
2013,41548, PALESTINA,Areas Comunes Provisional Bombeo y Especial,32369
2013,41551, PITALITO,Areas Comunes Provisional Bombeo y Especial,648087
2013,41615, RIVERA,Areas Comunes Provisional Bombeo y Especial,325952
2013,41660,Saladoblanco,Areas Comunes Provisional Bombeo y Especial,8048
2013,41668,San Agustin,Areas Comunes Provisional Bombeo y Especial,146761
2013,41676,Santa Maria,Areas Comunes Provisional Bombeo y Especial,22313
2013,41770, SUAZA,Areas Comunes Provisional Bombeo y Especial,13069
2013,41791, TARQUI,Areas Comunes Provisional Bombeo y Especial,32344
2013,41799, TELLO,Areas Comunes Provisional Bombeo y Especial,7227
2013,41801, TERUEL,Areas Comunes Provisional Bombeo y Especial,9712
2013,41797, TESALIA,Areas Comunes Provisional Bombeo y Especial,66115
2013,41807,Timana,Areas Comunes Provisional Bombeo y Especial,131859
2013,41872, VILLAVIEJA,Areas Comunes Provisional Bombeo y Especial,165416
2013,41885,Yaguara,Areas Comunes Provisional Bombeo y Especial,211718