VIGENCIA,CODIGO DANE,MUNICIPIOS,Sectores,CONSUMO DE ENERGIA Kwh
2013,41001, NEIVA,Zonas Residencial Urbano,181303947
2013,41001, NEIVA,Zonas Residencial Rural,5922760
2013,41001, NEIVA,Zonas Comercial Urbano,83361943
2013,41001, NEIVA,Zonas Comercial Rural,1455595
2013,41001, NEIVA,Zonas Oficial Urbano,33012460
2013,41001, NEIVA,Zonas Oficial Rural,625346
2013,41006, ACEVEDO,Zonas Residencial Urbano,1443292
2013,41006, ACEVEDO,Zonas Residencial Rural,3629440
2013,41006, ACEVEDO,Zonas Comercial Urbano,745838
2013,41006, ACEVEDO,Zonas Comercial Rural,206274
2013,41006, ACEVEDO,Zonas Oficial Urbano,112323
2013,41006, ACEVEDO,Zonas Oficial Rural,111074
2013,41013, AGRADO,Zonas Residencial Urbano,1394853
2013,41013, AGRADO,Zonas Residencial Rural,658148
2013,41013, AGRADO,Zonas Comercial Urbano,141841
2013,41013, AGRADO,Zonas Comercial Rural,176462
2013,41013, AGRADO,Zonas Oficial Urbano,82270
2013,41013, AGRADO,Zonas Oficial Rural,49427
2013,41016, AIPE,Zonas Residencial Urbano,3748856
2013,41016, AIPE,Zonas Residencial Rural,1397709
2013,41016, AIPE,Zonas Comercial Urbano,777854
2013,41016, AIPE,Zonas Comercial Rural,271004
2013,41016, AIPE,Zonas Oficial Urbano,499047
2013,41016, AIPE,Zonas Oficial Rural,183877
2013,41020, ALGECIRAS,Zonas Residencial Urbano,2361770
2013,41020, ALGECIRAS,Zonas Residencial Rural,1511442
2013,41020, ALGECIRAS,Zonas Comercial Urbano,459103
2013,41020, ALGECIRAS,Zonas Comercial Rural,25957
2013,41020, ALGECIRAS,Zonas Oficial Urbano,236899
2013,41020, ALGECIRAS,Zonas Oficial Rural,73487
2013,41026, ALTAMIRA,Zonas Residencial Urbano,909740
2013,41026, ALTAMIRA,Zonas Residencial Rural,346108
2013,41026, ALTAMIRA,Zonas Comercial Urbano,131183
2013,41026, ALTAMIRA,Zonas Comercial Rural,23016
2013,41026, ALTAMIRA,Zonas Oficial Urbano,47736
2013,41026, ALTAMIRA,Zonas Oficial Rural,4063
2013,41078, BARAYA,Zonas Residencial Urbano,1214292
2013,41078, BARAYA,Zonas Residencial Rural,481726
2013,41078, BARAYA,Zonas Comercial Urbano,150617
2013,41078, BARAYA,Zonas Comercial Rural,35968
2013,41078, BARAYA,Zonas Oficial Urbano,135868
2013,41078, BARAYA,Zonas Oficial Rural,219512
2013,41132, CAMPOALEGRE,Zonas Residencial Urbano,8142407
2013,41132, CAMPOALEGRE,Zonas Residencial Rural,2137491
2013,41132, CAMPOALEGRE,Zonas Comercial Urbano,1757000
2013,41132, CAMPOALEGRE,Zonas Comercial Rural,237821
2013,41132, CAMPOALEGRE,Zonas Oficial Urbano,750677
2013,41132, CAMPOALEGRE,Zonas Oficial Rural,273076
2013,41206, COLOMBIA,Zonas Residencial Urbano,611090
2013,41206, COLOMBIA,Zonas Residencial Rural,564816
2013,41206, COLOMBIA,Zonas Comercial Urbano,91962
2013,41206, COLOMBIA,Zonas Comercial Rural,31935
2013,41206, COLOMBIA,Zonas Oficial Urbano,106450
2013,41206, COLOMBIA,Zonas Oficial Rural,23874
2013,41244, ELIAS,Zonas Residencial Urbano,340356
2013,41244, ELIAS,Zonas Residencial Rural,398298
2013,41244, ELIAS,Zonas Comercial Urbano,15236
2013,41244, ELIAS,Zonas Comercial Rural,102260
2013,41244, ELIAS,Zonas Oficial Urbano,49511
2013,41244, ELIAS,Zonas Oficial Rural,14520
2013,41298,GARZON,Zonas Residencial Urbano,13706231
2013,41298,GARZON,Zonas Residencial Rural,4927070
2013,41298,GARZON,Zonas Comercial Urbano,3740552
2013,41298,GARZON,Zonas Comercial Rural,200698
2013,41298,GARZON,Zonas Oficial Urbano,2146003
2013,41298,GARZON,Zonas Oficial Rural,413863
2013,41306, GIGANTE,Zonas Residencial Urbano,4010226
2013,41306, GIGANTE,Zonas Residencial Rural,2903413
2013,41306, GIGANTE,Zonas Comercial Urbano,1207495
2013,41306, GIGANTE,Zonas Comercial Rural,87732
2013,41306, GIGANTE,Zonas Oficial Urbano,281514
2013,41306, GIGANTE,Zonas Oficial Rural,132850
2013,41319, GUADALUPE,Zonas Residencial Urbano,1719823
2013,41319, GUADALUPE,Zonas Residencial Rural,1780267
2013,41319, GUADALUPE,Zonas Comercial Urbano,317179
2013,41319, GUADALUPE,Zonas Comercial Rural,3702
2013,41319, GUADALUPE,Zonas Oficial Urbano,184355
2013,41319, GUADALUPE,Zonas Oficial Rural,154326
2013,41349, HOBO,Zonas Residencial Urbano,1750144
2013,41349, HOBO,Zonas Residencial Rural,413415
2013,41349, HOBO,Zonas Comercial Urbano,514495
2013,41349, HOBO,Zonas Comercial Rural,112098
2013,41349, HOBO,Zonas Oficial Urbano,141869
2013,41349, HOBO,Zonas Oficial Rural,14220
2013,41357, IQUIRA,Zonas Residencial Urbano,1058814
2013,41357, IQUIRA,Zonas Residencial Rural,789841
2013,41357, IQUIRA,Zonas Comercial Urbano,73053
2013,41357, IQUIRA,Zonas Comercial Rural,68396
2013,41357, IQUIRA,Zonas Oficial Urbano,89090
2013,41357, IQUIRA,Zonas Oficial Rural,41276
2013,41359, ISNOS,Zonas Residencial Urbano,1532016
2013,41359, ISNOS,Zonas Residencial Rural,2120389
2013,41359, ISNOS,Zonas Comercial Urbano,461966
2013,41359, ISNOS,Zonas Comercial Rural,53114
2013,41359, ISNOS,Zonas Oficial Urbano,124686
2013,41359, ISNOS,Zonas Oficial Rural,88669
2013,41378, LA ARGENTINA,Zonas Residencial Urbano,1183526
2013,41378, LA ARGENTINA,Zonas Residencial Rural,781619
2013,41378, LA ARGENTINA,Zonas Comercial Urbano,91839
2013,41378, LA ARGENTINA,Zonas Comercial Rural,17220
2013,41378, LA ARGENTINA,Zonas Oficial Urbano,90849
2013,41378, LA ARGENTINA,Zonas Oficial Rural,24810
2013,41396, LA PLATA,Zonas Residencial Urbano,8131360
2013,41396, LA PLATA,Zonas Residencial Rural,3346049
2013,41396, LA PLATA,Zonas Comercial Urbano,2505100
2013,41396, LA PLATA,Zonas Comercial Rural,11231
2013,41396, LA PLATA,Zonas Oficial Urbano,1233761
2013,41396, LA PLATA,Zonas Oficial Rural,118678
2013,41483,NATAGA,Zonas Residencial Urbano,467686
2013,41483,NATAGA,Zonas Residencial Rural,390377
2013,41483,NATAGA,Zonas Comercial Urbano,90928
2013,41483,NATAGA,Zonas Comercial Rural,1334
2013,41483,NATAGA,Zonas Oficial Urbano,53540
2013,41483,NATAGA,Zonas Oficial Rural,14584
2013,41503, OPORAPA,Zonas Residencial Urbano,564427
2013,41503, OPORAPA,Zonas Residencial Rural,1297854
2013,41503, OPORAPA,Zonas Comercial Urbano,110197
2013,41503, OPORAPA,Zonas Comercial Rural,38574
2013,41503, OPORAPA,Zonas Oficial Urbano,54443
2013,41503, OPORAPA,Zonas Oficial Rural,44501
2013,41518, PAICOL,Zonas Residencial Urbano,832188
2013,41518, PAICOL,Zonas Residencial Rural,611710
2013,41518, PAICOL,Zonas Comercial Urbano,102957
2013,41518, PAICOL,Zonas Comercial Rural,477
2013,41518, PAICOL,Zonas Oficial Urbano,101498
2013,41518, PAICOL,Zonas Oficial Rural,15046
2013,41524, PALERMO,Zonas Residencial Urbano,6442597
2013,41524, PALERMO,Zonas Residencial Rural,2499739
2013,41524, PALERMO,Zonas Comercial Urbano,1271574
2013,41524, PALERMO,Zonas Comercial Rural,4074097
2013,41524, PALERMO,Zonas Oficial Urbano,608690
2013,41524, PALERMO,Zonas Oficial Rural,1252462
2013,41530, PALESTINA,Zonas Residencial Urbano,414873
2013,41530, PALESTINA,Zonas Residencial Rural,1075637
2013,41530, PALESTINA,Zonas Comercial Urbano,111715
2013,41530, PALESTINA,Zonas Comercial Rural,73229
2013,41530, PALESTINA,Zonas Oficial Urbano,60622
2013,41530, PALESTINA,Zonas Oficial Rural,70077
2013,41548,Pital,Zonas Residencial Urbano,1397039
2013,41548,Pital,Zonas Residencial Rural,1314539
2013,41548,Pital,Zonas Comercial Urbano,220182
2013,41548,Pital,Zonas Comercial Rural,31125
2013,41548,Pital,Zonas Oficial Urbano,110109
2013,41548,Pital,Zonas Oficial Rural,56785
2013,41551, PITALITO,Zonas Residencial Urbano,23206583
2013,41551, PITALITO,Zonas Residencial Rural,8643310
2013,41551, PITALITO,Zonas Comercial Urbano,12632631
2013,41551, PITALITO,Zonas Comercial Rural,1048705
2013,41551, PITALITO,Zonas Oficial Urbano,2444768
2013,41551, PITALITO,Zonas Oficial Rural,778974
2013,41615, RIVERA,Zonas Residencial Urbano,3947893
2013,41615, RIVERA,Zonas Residencial Rural,3867809
2013,41615, RIVERA,Zonas Comercial Urbano,738202
2013,41615, RIVERA,Zonas Comercial Rural,886671
2013,41615, RIVERA,Zonas Oficial Urbano,218328
2013,41615, RIVERA,Zonas Oficial Rural,822155
2013,41660,SALADO BLANCO,Zonas Residencial Urbano,499079
2013,41660,SALADO BLANCO,Zonas Residencial Rural,1195742
2013,41660,SALADO BLANCO,Zonas Comercial Urbano,157420
2013,41660,SALADO BLANCO,Zonas Comercial Rural,3387
2013,41660,SALADO BLANCO,Zonas Oficial Urbano,60101
2013,41660,SALADO BLANCO,Zonas Oficial Rural,38188
2013,41668, SAN AGUSTIN,Zonas Residencial Urbano,2469625
2013,41668, SAN AGUSTIN,Zonas Residencial Rural,2380574
2013,41668, SAN AGUSTIN,Zonas Comercial Urbano,877288
2013,41668, SAN AGUSTIN,Zonas Comercial Rural,223395
2013,41668, SAN AGUSTIN,Zonas Oficial Urbano,223343
2013,41668, SAN AGUSTIN,Zonas Oficial Rural,81901
2013,41676,SANTAMARIA,Zonas Residencial Urbano,817948
2013,41676,SANTAMARIA,Zonas Residencial Rural,1058301
2013,41676,SANTAMARIA,Zonas Comercial Urbano,217513
2013,41676,SANTAMARIA,Zonas Comercial Rural,68711
2013,41676,SANTAMARIA,Zonas Oficial Urbano,61005
2013,41676,SANTAMARIA,Zonas Oficial Rural,40270
2013,41770, SUAZA,Zonas Residencial Urbano,1219947
2013,41770, SUAZA,Zonas Residencial Rural,2411652
2013,41770, SUAZA,Zonas Comercial Urbano,247267
2013,41770, SUAZA,Zonas Comercial Rural,27260
2013,41770, SUAZA,Zonas Oficial Urbano,131938
2013,41770, SUAZA,Zonas Oficial Rural,65133
2013,41791, TARQUI,Zonas Residencial Urbano,1471688
2013,41791, TARQUI,Zonas Residencial Rural,2079503
2013,41791, TARQUI,Zonas Comercial Urbano,237197
2013,41791, TARQUI,Zonas Comercial Rural,22152
2013,41791, TARQUI,Zonas Oficial Urbano,111510
2013,41791, TARQUI,Zonas Oficial Rural,53624
2013,41799, TELLO,Zonas Residencial Urbano,1421786
2013,41799, TELLO,Zonas Residencial Rural,1183007
2013,41799, TELLO,Zonas Comercial Urbano,206255
2013,41799, TELLO,Zonas Comercial Rural,19071
2013,41799, TELLO,Zonas Oficial Urbano,166277
2013,41799, TELLO,Zonas Oficial Rural,54920
2013,41801, TERUEL,Zonas Residencial Urbano,1183920
2013,41801, TERUEL,Zonas Residencial Rural,698540
2013,41801, TERUEL,Zonas Comercial Urbano,183471
2013,41801, TERUEL,Zonas Comercial Rural,50805
2013,41801, TERUEL,Zonas Oficial Urbano,78326
2013,41801, TERUEL,Zonas Oficial Rural,26630
2013,41797, TESALIA,Zonas Residencial Urbano,2355458
2013,41797, TESALIA,Zonas Residencial Rural,619376
2013,41797, TESALIA,Zonas Comercial Urbano,427858
2013,41797, TESALIA,Zonas Comercial Rural,32411
2013,41797, TESALIA,Zonas Oficial Urbano,171983
2013,41797, TESALIA,Zonas Oficial Rural,15382
2013,41807,TIMANA,Zonas Residencial Urbano,1931238
2013,41807,TIMANA,Zonas Residencial Rural,2440455
2013,41807,TIMANA,Zonas Comercial Urbano,782955
2013,41807,TIMANA,Zonas Comercial Rural,65896
2013,41807,TIMANA,Zonas Oficial Urbano,191980
2013,41807,TIMANA,Zonas Oficial Rural,70903
2013,41872, VILLAVIEJA,Zonas Residencial Urbano,913603
2013,41872, VILLAVIEJA,Zonas Residencial Rural,1065767
2013,41872, VILLAVIEJA,Zonas Comercial Urbano,64700
2013,41872, VILLAVIEJA,Zonas Comercial Rural,13451
2013,41872, VILLAVIEJA,Zonas Oficial Urbano,95756
2013,41872, VILLAVIEJA,Zonas Oficial Rural,52055
2013,41885,YAGUARA,Zonas Residencial Urbano,2898185
2013,41885,YAGUARA,Zonas Residencial Rural,813186
2013,41885,YAGUARA,Zonas Comercial Urbano,460781
2013,41885,YAGUARA,Zonas Comercial Rural,1088506
2013,41885,YAGUARA,Zonas Oficial Urbano,355636
2013,41885,YAGUARA,Zonas Oficial Rural,36255
2014,41001,NEIVA,Zonas Residencial Urbano,191892209
2014,41001,NEIVA,Zonas Residencial Rural,5625702
2014,41001,NEIVA,Zonas Comercial Urbano,75504253
2014,41001,NEIVA,Zonas Comercial Rural,1281492
2014,41001,NEIVA,Zonas Oficial Urbano,16160236
2014,41001,NEIVA,Zonas Oficial Rural,506017
2014,41006,ACEVEDO,Zonas Residencial Urbano,1436601
2014,41006,ACEVEDO,Zonas Residencial Rural,3530092
2014,41006,ACEVEDO,Zonas Comercial Urbano,756800
2014,41006,ACEVEDO,Zonas Comercial Rural,198178
2014,41006,ACEVEDO,Zonas Oficial Urbano,90391
2014,41006,ACEVEDO,Zonas Oficial Rural,111089
2014,41013, AGRADO,Zonas Residencial Urbano,1461689
2014,41013, AGRADO,Zonas Residencial Rural,612044
2014,41013, AGRADO,Zonas Comercial Urbano,130755
2014,41013, AGRADO,Zonas Comercial Rural,205709
2014,41013, AGRADO,Zonas Oficial Urbano,25591
2014,41013, AGRADO,Zonas Oficial Rural,48494
2014,41016,AIPE,Zonas Residencial Urbano,3908635
2014,41016,AIPE,Zonas Residencial Rural,1418822
2014,41016,AIPE,Zonas Comercial Urbano,823687
2014,41016,AIPE,Zonas Comercial Rural,278963
2014,41016,AIPE,Zonas Oficial Urbano,512355
2014,41016,AIPE,Zonas Oficial Rural,165106
2014,41020,ALGECIRAS,Zonas Residencial Urbano,2470349
2014,41020,ALGECIRAS,Zonas Residencial Rural,1408051
2014,41020,ALGECIRAS,Zonas Comercial Urbano,488953
2014,41020,ALGECIRAS,Zonas Comercial Rural,37460
2014,41020,ALGECIRAS,Zonas Oficial Urbano,261739
2014,41020,ALGECIRAS,Zonas Oficial Rural,72015
2014,41026,ALTAMIRA,Zonas Residencial Urbano,948148
2014,41026,ALTAMIRA,Zonas Residencial Rural,361903
2014,41026,ALTAMIRA,Zonas Comercial Urbano,140770
2014,41026,ALTAMIRA,Zonas Comercial Rural,25671
2014,41026,ALTAMIRA,Zonas Oficial Urbano,41733
2014,41026,ALTAMIRA,Zonas Oficial Rural,3842
2014,41078,BARAYA,Zonas Residencial Urbano,1154612
2014,41078,BARAYA,Zonas Residencial Rural,468418
2014,41078,BARAYA,Zonas Comercial Urbano,268816
2014,41078,BARAYA,Zonas Comercial Rural,49644
2014,41078,BARAYA,Zonas Oficial Urbano,135281
2014,41078,BARAYA,Zonas Oficial Rural,207245
2014,41132,CAMPOALEGRE,Zonas Residencial Urbano,8534572
2014,41132,CAMPOALEGRE,Zonas Residencial Rural,2041625
2014,41132,CAMPOALEGRE,Zonas Comercial Urbano,1972133
2014,41132,CAMPOALEGRE,Zonas Comercial Rural,405455
2014,41132,CAMPOALEGRE,Zonas Oficial Urbano,504299
2014,41132,CAMPOALEGRE,Zonas Oficial Rural,71481
2014,41206, COLOMBIA,Zonas Residencial Urbano,623327
2014,41206, COLOMBIA,Zonas Residencial Rural,568924
2014,41206, COLOMBIA,Zonas Comercial Urbano,91459
2014,41206, COLOMBIA,Zonas Comercial Rural,33211
2014,41206, COLOMBIA,Zonas Oficial Urbano,104622
2014,41206, COLOMBIA,Zonas Oficial Rural,21380
2014,41244, ELIAS,Zonas Residencial Urbano,359347
2014,41244, ELIAS,Zonas Residencial Rural,372395
2014,41244, ELIAS,Zonas Comercial Urbano,15096
2014,41244, ELIAS,Zonas Comercial Rural,100502
2014,41244, ELIAS,Zonas Oficial Urbano,43168
2014,41244, ELIAS,Zonas Oficial Rural,15826
2014,41298,GARZON,Zonas Residencial Urbano,14129677
2014,41298,GARZON,Zonas Residencial Rural,4960932
2014,41298,GARZON,Zonas Comercial Urbano,4085689
2014,41298,GARZON,Zonas Comercial Rural,337314
2014,41298,GARZON,Zonas Oficial Urbano,943215
2014,41298,GARZON,Zonas Oficial Rural,280934
2014,41306, GIGANTE,Zonas Residencial Urbano,4143873
2014,41306, GIGANTE,Zonas Residencial Rural,2914556
2014,41306, GIGANTE,Zonas Comercial Urbano,1094957
2014,41306, GIGANTE,Zonas Comercial Rural,101518
2014,41306, GIGANTE,Zonas Oficial Urbano,137448
2014,41306, GIGANTE,Zonas Oficial Rural,105828
2014,41319,GUADALUPE,Zonas Residencial Urbano,1767693
2014,41319,GUADALUPE,Zonas Residencial Rural,1729954
2014,41319,GUADALUPE,Zonas Comercial Urbano,333849
2014,41319,GUADALUPE,Zonas Comercial Rural,22130
2014,41319,GUADALUPE,Zonas Oficial Urbano,171730
2014,41319,GUADALUPE,Zonas Oficial Rural,133363
2014,41349,HOBO,Zonas Residencial Urbano,1834263
2014,41349,HOBO,Zonas Residencial Rural,393250
2014,41349,HOBO,Zonas Comercial Urbano,825030
2014,41349,HOBO,Zonas Comercial Rural,178018
2014,41349,HOBO,Zonas Oficial Urbano,107766
2014,41349,HOBO,Zonas Oficial Rural,25568
2014,41357, IQUIRA,Zonas Residencial Urbano,1113223
2014,41357, IQUIRA,Zonas Residencial Rural,771295
2014,41357, IQUIRA,Zonas Comercial Urbano,73345
2014,41357, IQUIRA,Zonas Comercial Rural,79643
2014,41357, IQUIRA,Zonas Oficial Urbano,38398
2014,41357, IQUIRA,Zonas Oficial Rural,37440
2014,41359, ISNOS,Zonas Residencial Urbano,1582758
2014,41359, ISNOS,Zonas Residencial Rural,2114007
2014,41359, ISNOS,Zonas Comercial Urbano,459956
2014,41359, ISNOS,Zonas Comercial Rural,54690
2014,41359, ISNOS,Zonas Oficial Urbano,134761
2014,41359, ISNOS,Zonas Oficial Rural,65899
2014,41378,LA ARGENTINA,Zonas Residencial Urbano,1193407
2014,41378,LA ARGENTINA,Zonas Residencial Rural,752074
2014,41378,LA ARGENTINA,Zonas Comercial Urbano,77305
2014,41378,LA ARGENTINA,Zonas Comercial Rural,8693
2014,41378,LA ARGENTINA,Zonas Oficial Urbano,76606
2014,41378,LA ARGENTINA,Zonas Oficial Rural,23212
2014,41396, LA PLATA,Zonas Residencial Urbano,8428339
2014,41396, LA PLATA,Zonas Residencial Rural,3369927
2014,41396, LA PLATA,Zonas Comercial Urbano,2639421
2014,41396, LA PLATA,Zonas Comercial Rural,10528
2014,41396, LA PLATA,Zonas Oficial Urbano,1242554
2014,41396, LA PLATA,Zonas Oficial Rural,106650
2014,41483,NATAGA,Zonas Residencial Urbano,470847
2014,41483,NATAGA,Zonas Residencial Rural,376730
2014,41483,NATAGA,Zonas Comercial Urbano,86477
2014,41483,NATAGA,Zonas Comercial Rural,1388
2014,41483,NATAGA,Zonas Oficial Urbano,44922
2014,41483,NATAGA,Zonas Oficial Rural,13096
2014,41503, OPORAPA,Zonas Residencial Urbano,616384
2014,41503, OPORAPA,Zonas Residencial Rural,1289349
2014,41503, OPORAPA,Zonas Comercial Urbano,128165
2014,41503, OPORAPA,Zonas Comercial Rural,37691
2014,41503, OPORAPA,Zonas Oficial Urbano,44835
2014,41503, OPORAPA,Zonas Oficial Rural,36508
2014,41518, PAICOL,Zonas Residencial Urbano,886265
2014,41518, PAICOL,Zonas Residencial Rural,616235
2014,41518, PAICOL,Zonas Comercial Urbano,81115
2014,41518, PAICOL,Zonas Comercial Rural,351
2014,41518, PAICOL,Zonas Oficial Urbano,98855
2014,41518, PAICOL,Zonas Oficial Rural,16067
2014,41524,PALERMO,Zonas Residencial Urbano,6781518
2014,41524,PALERMO,Zonas Residencial Rural,2413945
2014,41524,PALERMO,Zonas Comercial Urbano,1408315
2014,41524,PALERMO,Zonas Comercial Rural,2744273
2014,41524,PALERMO,Zonas Oficial Urbano,556607
2014,41524,PALERMO,Zonas Oficial Rural,180736
2014,41530,PALESTINA,Zonas Residencial Urbano,414522
2014,41530,PALESTINA,Zonas Residencial Rural,1013744
2014,41530,PALESTINA,Zonas Comercial Urbano,125604
2014,41530,PALESTINA,Zonas Comercial Rural,74592
2014,41530,PALESTINA,Zonas Oficial Urbano,50986
2014,41530,PALESTINA,Zonas Oficial Rural,39816
2014,41548,Pital,Zonas Residencial Urbano,1482227
2014,41548,Pital,Zonas Residencial Rural,1233276
2014,41548,Pital,Zonas Comercial Urbano,241559
2014,41548,Pital,Zonas Comercial Rural,23768
2014,41548,Pital,Zonas Oficial Urbano,63457
2014,41548,Pital,Zonas Oficial Rural,41929
2014,41551, PITALITO,Zonas Residencial Urbano,23764821
2014,41551, PITALITO,Zonas Residencial Rural,8888918
2014,41551, PITALITO,Zonas Comercial Urbano,12199032
2014,41551, PITALITO,Zonas Comercial Rural,1076929
2014,41551, PITALITO,Zonas Oficial Urbano,1194247
2014,41551, PITALITO,Zonas Oficial Rural,719432
2014,41615, RIVERA,Zonas Residencial Urbano,4289675
2014,41615, RIVERA,Zonas Residencial Rural,3954090
2014,41615, RIVERA,Zonas Comercial Urbano,782855
2014,41615, RIVERA,Zonas Comercial Rural,922016
2014,41615, RIVERA,Zonas Oficial Urbano,143263
2014,41615, RIVERA,Zonas Oficial Rural,881879
2014,41660,SALADO BLANCO,Zonas Residencial Urbano,523684
2014,41660,SALADO BLANCO,Zonas Residencial Rural,1194015
2014,41660,SALADO BLANCO,Zonas Comercial Urbano,197444
2014,41660,SALADO BLANCO,Zonas Comercial Rural,10295
2014,41660,SALADO BLANCO,Zonas Oficial Urbano,63192
2014,41660,SALADO BLANCO,Zonas Oficial Rural,32190
2014,41668, SAN AGUSTIN,Zonas Residencial Urbano,2497729
2014,41668, SAN AGUSTIN,Zonas Residencial Rural,2404914
2014,41668, SAN AGUSTIN,Zonas Comercial Urbano,888287
2014,41668, SAN AGUSTIN,Zonas Comercial Rural,232888
2014,41668, SAN AGUSTIN,Zonas Oficial Urbano,114400
2014,41668, SAN AGUSTIN,Zonas Oficial Rural,78326
2014,41676,SANTAMARIA,Zonas Residencial Urbano,882266
2014,41676,SANTAMARIA,Zonas Residencial Rural,1091217
2014,41676,SANTAMARIA,Zonas Comercial Urbano,200628
2014,41676,SANTAMARIA,Zonas Comercial Rural,78132
2014,41676,SANTAMARIA,Zonas Oficial Urbano,52402
2014,41676,SANTAMARIA,Zonas Oficial Rural,31978
2014,41770,SUAZA,Zonas Residencial Urbano,1262694
2014,41770,SUAZA,Zonas Residencial Rural,2460227
2014,41770,SUAZA,Zonas Comercial Urbano,261248
2014,41770,SUAZA,Zonas Comercial Rural,28769
2014,41770,SUAZA,Zonas Oficial Urbano,137471
2014,41770,SUAZA,Zonas Oficial Rural,59200
2014,41791,TARQUI,Zonas Residencial Urbano,1468922
2014,41791,TARQUI,Zonas Residencial Rural,2038162
2014,41791,TARQUI,Zonas Comercial Urbano,315155
2014,41791,TARQUI,Zonas Comercial Rural,30846
2014,41791,TARQUI,Zonas Oficial Urbano,97427
2014,41791,TARQUI,Zonas Oficial Rural,48757
2014,41799, TELLO,Zonas Residencial Urbano,1496539
2014,41799, TELLO,Zonas Residencial Rural,1152350
2014,41799, TELLO,Zonas Comercial Urbano,209170
2014,41799, TELLO,Zonas Comercial Rural,75366
2014,41799, TELLO,Zonas Oficial Urbano,171336
2014,41799, TELLO,Zonas Oficial Rural,56352
2014,41801,TERUEL,Zonas Residencial Urbano,1265156
2014,41801,TERUEL,Zonas Residencial Rural,688015
2014,41801,TERUEL,Zonas Comercial Urbano,215323
2014,41801,TERUEL,Zonas Comercial Rural,40229
2014,41801,TERUEL,Zonas Oficial Urbano,129975
2014,41801,TERUEL,Zonas Oficial Rural,23829
2014,41797,TESALIA,Zonas Residencial Urbano,2474825
2014,41797,TESALIA,Zonas Residencial Rural,627625
2014,41797,TESALIA,Zonas Comercial Urbano,418979
2014,41797,TESALIA,Zonas Comercial Rural,38039
2014,41797,TESALIA,Zonas Oficial Urbano,122242
2014,41797,TESALIA,Zonas Oficial Rural,12424
2014,41807,TIMANA,Zonas Residencial Urbano,1978545
2014,41807,TIMANA,Zonas Residencial Rural,2409860
2014,41807,TIMANA,Zonas Comercial Urbano,727928
2014,41807,TIMANA,Zonas Comercial Rural,62979
2014,41807,TIMANA,Zonas Oficial Urbano,99158
2014,41807,TIMANA,Zonas Oficial Rural,51040
2014,41872,VILLAVIEJA,Zonas Residencial Urbano,990638
2014,41872,VILLAVIEJA,Zonas Residencial Rural,1099413
2014,41872,VILLAVIEJA,Zonas Comercial Urbano,72395
2014,41872,VILLAVIEJA,Zonas Comercial Rural,14008
2014,41872,VILLAVIEJA,Zonas Oficial Urbano,81220
2014,41872,VILLAVIEJA,Zonas Oficial Rural,53686
2014,41885,YAGUARA,Zonas Residencial Urbano,2936918
2014,41885,YAGUARA,Zonas Residencial Rural,808916
2014,41885,YAGUARA,Zonas Comercial Urbano,670724
2014,41885,YAGUARA,Zonas Comercial Rural,651622
2014,41885,YAGUARA,Zonas Oficial Urbano,185884
2014,41885,YAGUARA,Zonas Oficial Rural,34155
2015,41001,NEIVA,Zonas Residencial Urbano,215274055
2015,41001,NEIVA,Zonas Residencial Rural,6433904
2015,41001,NEIVA,Zonas Comercial Urbano,120412624
2015,41001,NEIVA,Zonas Comercial Rural,1305688
2015,41001,NEIVA,Zonas Oficial Urbano,58663450
2015,41001,NEIVA,Zonas Oficial Rural,831385
2015,41006,ACEVEDO,Zonas Residencial Urbano,1561774
2015,41006,ACEVEDO,Zonas Residencial Rural,3829600
2015,41006,ACEVEDO,Zonas Comercial Urbano,887542
2015,41006,ACEVEDO,Zonas Comercial Rural,300898
2015,41006,ACEVEDO,Zonas Oficial Urbano,111178
2015,41006,ACEVEDO,Zonas Oficial Rural,167558
2015,41013,Agrado,Zonas Residencial Urbano,1605488
2015,41013,Agrado,Zonas Residencial Rural,567495
2015,41013,Agrado,Zonas Comercial Urbano,205354
2015,41013,Agrado,Zonas Comercial Rural,169195
2015,41013,Agrado,Zonas Oficial Urbano,108570
2015,41013,Agrado,Zonas Oficial Rural,58247
2015,41016,AIPE,Zonas Residencial Urbano,4175414
2015,41016,AIPE,Zonas Residencial Rural,1490956
2015,41016,AIPE,Zonas Comercial Urbano,935128
2015,41016,AIPE,Zonas Comercial Rural,310953
2015,41016,AIPE,Zonas Oficial Urbano,646111
2015,41016,AIPE,Zonas Oficial Rural,264575
2015,41020,ALGECIRAS,Zonas Residencial Urbano,2802072
2015,41020,ALGECIRAS,Zonas Residencial Rural,1531508
2015,41020,ALGECIRAS,Zonas Comercial Urbano,636558
2015,41020,ALGECIRAS,Zonas Comercial Rural,115914
2015,41020,ALGECIRAS,Zonas Oficial Urbano,292678
2015,41020,ALGECIRAS,Zonas Oficial Rural,82931
2015,41026,ALTAMIRA,Zonas Residencial Urbano,1044189
2015,41026,ALTAMIRA,Zonas Residencial Rural,416480
2015,41026,ALTAMIRA,Zonas Comercial Urbano,166849
2015,41026,ALTAMIRA,Zonas Comercial Rural,34053
2015,41026,ALTAMIRA,Zonas Oficial Urbano,54479
2015,41026,ALTAMIRA,Zonas Oficial Rural,4480
2015,41078,BARAYA,Zonas Residencial Urbano,1217471
2015,41078,BARAYA,Zonas Residencial Rural,519293
2015,41078,BARAYA,Zonas Comercial Urbano,246091
2015,41078,BARAYA,Zonas Comercial Rural,64748
2015,41078,BARAYA,Zonas Oficial Urbano,181945
2015,41078,BARAYA,Zonas Oficial Rural,191319
2015,41132,CAMPOALEGRE,Zonas Residencial Urbano,9088766
2015,41132,CAMPOALEGRE,Zonas Residencial Rural,2185313
2015,41132,CAMPOALEGRE,Zonas Comercial Urbano,2204532
2015,41132,CAMPOALEGRE,Zonas Comercial Rural,541745
2015,41132,CAMPOALEGRE,Zonas Oficial Urbano,896378
2015,41132,CAMPOALEGRE,Zonas Oficial Rural,406538
2015,41206,Colombia,Zonas Residencial Urbano,664529
2015,41206,Colombia,Zonas Residencial Rural,620886
2015,41206,Colombia,Zonas Comercial Urbano,99036
2015,41206,Colombia,Zonas Comercial Rural,33194
2015,41206,Colombia,Zonas Oficial Urbano,113354
2015,41206,Colombia,Zonas Oficial Rural,23299
2015,41244, ELIAS,Zonas Residencial Urbano,382886
2015,41244, ELIAS,Zonas Residencial Rural,415494
2015,41244, ELIAS,Zonas Comercial Urbano,44189
2015,41244, ELIAS,Zonas Comercial Rural,111615
2015,41244, ELIAS,Zonas Oficial Urbano,49237
2015,41244, ELIAS,Zonas Oficial Rural,16497
2015,41298,GARZON,Zonas Residencial Urbano,15134643
2015,41298,GARZON,Zonas Residencial Rural,5433078
2015,41298,GARZON,Zonas Comercial Urbano,5751519
2015,41298,GARZON,Zonas Comercial Rural,514643
2015,41298,GARZON,Zonas Oficial Urbano,2025788
2015,41298,GARZON,Zonas Oficial Rural,720123
2015,41306,Gigante,Zonas Residencial Urbano,4340300
2015,41306,Gigante,Zonas Residencial Rural,3069468
2015,41306,Gigante,Zonas Comercial Urbano,1262304
2015,41306,Gigante,Zonas Comercial Rural,384813
2015,41306,Gigante,Zonas Oficial Urbano,357610
2015,41306,Gigante,Zonas Oficial Rural,135531
2015,41319,GUADALUPE,Zonas Residencial Urbano,1870342
2015,41319,GUADALUPE,Zonas Residencial Rural,1896823
2015,41319,GUADALUPE,Zonas Comercial Urbano,424532
2015,41319,GUADALUPE,Zonas Comercial Rural,11030
2015,41319,GUADALUPE,Zonas Oficial Urbano,199900
2015,41319,GUADALUPE,Zonas Oficial Rural,160703
2015,41349,HOBO,Zonas Residencial Urbano,1964810
2015,41349,HOBO,Zonas Residencial Rural,424410
2015,41349,HOBO,Zonas Comercial Urbano,636916
2015,41349,HOBO,Zonas Comercial Rural,359321
2015,41349,HOBO,Zonas Oficial Urbano,176155
2015,41349,HOBO,Zonas Oficial Rural,24269
2015,41357,Iquira,Zonas Residencial Urbano,1095440
2015,41357,Iquira,Zonas Residencial Rural,793435
2015,41357,Iquira,Zonas Comercial Urbano,90016
2015,41357,Iquira,Zonas Comercial Rural,75189
2015,41357,Iquira,Zonas Oficial Urbano,75084
2015,41357,Iquira,Zonas Oficial Rural,40926
2015,41359,Isnos,Zonas Residencial Urbano,1612473
2015,41359,Isnos,Zonas Residencial Rural,2291596
2015,41359,Isnos,Zonas Comercial Urbano,622031
2015,41359,Isnos,Zonas Comercial Rural,81284
2015,41359,Isnos,Zonas Oficial Urbano,178436
2015,41359,Isnos,Zonas Oficial Rural,82811
2015,41378,LA ARGENTINA,Zonas Residencial Urbano,1297802
2015,41378,LA ARGENTINA,Zonas Residencial Rural,787869
2015,41378,LA ARGENTINA,Zonas Comercial Urbano,113924
2015,41378,LA ARGENTINA,Zonas Comercial Rural,19579
2015,41378,LA ARGENTINA,Zonas Oficial Urbano,90783
2015,41378,LA ARGENTINA,Zonas Oficial Rural,27666
2015,41396,La Plata,Zonas Residencial Urbano,8942682
2015,41396,La Plata,Zonas Residencial Rural,3610495
2015,41396,La Plata,Zonas Comercial Urbano,3495663
2015,41396,La Plata,Zonas Comercial Rural,14248
2015,41396,La Plata,Zonas Oficial Urbano,2102303
2015,41396,La Plata,Zonas Oficial Rural,124437
2015,41483,NATAGA,Zonas Residencial Urbano,508914
2015,41483,NATAGA,Zonas Residencial Rural,419979
2015,41483,NATAGA,Zonas Comercial Urbano,104052
2015,41483,NATAGA,Zonas Comercial Rural,1402
2015,41483,NATAGA,Zonas Oficial Urbano,48242
2015,41483,NATAGA,Zonas Oficial Rural,16489
2015,41503,Oporapa,Zonas Residencial Urbano,650965
2015,41503,Oporapa,Zonas Residencial Rural,1371032
2015,41503,Oporapa,Zonas Comercial Urbano,137818
2015,41503,Oporapa,Zonas Comercial Rural,48155
2015,41503,Oporapa,Zonas Oficial Urbano,61310
2015,41503,Oporapa,Zonas Oficial Rural,47351
2015,41518,Paicol,Zonas Residencial Urbano,933221
2015,41518,Paicol,Zonas Residencial Rural,667679
2015,41518,Paicol,Zonas Comercial Urbano,112486
2015,41518,Paicol,Zonas Comercial Rural,1319
2015,41518,Paicol,Zonas Oficial Urbano,114716
2015,41518,Paicol,Zonas Oficial Rural,20863
2015,41524,PALERMO,Zonas Residencial Urbano,7420509
2015,41524,PALERMO,Zonas Residencial Rural,2859822
2015,41524,PALERMO,Zonas Comercial Urbano,1574923
2015,41524,PALERMO,Zonas Comercial Rural,5065437
2015,41524,PALERMO,Zonas Oficial Urbano,680463
2015,41524,PALERMO,Zonas Oficial Rural,1639805
2015,41530,PALESTINA,Zonas Residencial Urbano,433082
2015,41530,PALESTINA,Zonas Residencial Rural,1104886
2015,41530,PALESTINA,Zonas Comercial Urbano,167814
2015,41530,PALESTINA,Zonas Comercial Rural,83464
2015,41530,PALESTINA,Zonas Oficial Urbano,58411
2015,41530,PALESTINA,Zonas Oficial Rural,64475
2015,41548,Pital,Zonas Residencial Urbano,1569546
2015,41548,Pital,Zonas Residencial Rural,1284972
2015,41548,Pital,Zonas Comercial Urbano,286179
2015,41548,Pital,Zonas Comercial Rural,30581
2015,41548,Pital,Zonas Oficial Urbano,120700
2015,41548,Pital,Zonas Oficial Rural,47136
2015,41551,Pitalito,Zonas Residencial Urbano,25300991
2015,41551,Pitalito,Zonas Residencial Rural,9583518
2015,41551,Pitalito,Zonas Comercial Urbano,15897844
2015,41551,Pitalito,Zonas Comercial Rural,1438329
2015,41551,Pitalito,Zonas Oficial Urbano,3623153
2015,41551,Pitalito,Zonas Oficial Rural,1622325
2015,41615,Rivera,Zonas Residencial Urbano,4726750
2015,41615,Rivera,Zonas Residencial Rural,4919251
2015,41615,Rivera,Zonas Comercial Urbano,905835
2015,41615,Rivera,Zonas Comercial Rural,1283771
2015,41615,Rivera,Zonas Oficial Urbano,250422
2015,41615,Rivera,Zonas Oficial Rural,1300551
2015,41660,SALADO BLANCO,Zonas Residencial Urbano,565851
2015,41660,SALADO BLANCO,Zonas Residencial Rural,1276237
2015,41660,SALADO BLANCO,Zonas Comercial Urbano,270841
2015,41660,SALADO BLANCO,Zonas Comercial Rural,36474
2015,41660,SALADO BLANCO,Zonas Oficial Urbano,81498
2015,41660,SALADO BLANCO,Zonas Oficial Rural,34600
2015,41668, SAN AGUSTIN,Zonas Residencial Urbano,2650761
2015,41668, SAN AGUSTIN,Zonas Residencial Rural,2542810
2015,41668, SAN AGUSTIN,Zonas Comercial Urbano,853304
2015,41668, SAN AGUSTIN,Zonas Comercial Rural,292020
2015,41668, SAN AGUSTIN,Zonas Oficial Urbano,221865
2015,41668, SAN AGUSTIN,Zonas Oficial Rural,110121
2015,41676,SANTAMARIA,Zonas Residencial Urbano,951149
2015,41676,SANTAMARIA,Zonas Residencial Rural,1109919
2015,41676,SANTAMARIA,Zonas Comercial Urbano,236626
2015,41676,SANTAMARIA,Zonas Comercial Rural,76391
2015,41676,SANTAMARIA,Zonas Oficial Urbano,71249
2015,41676,SANTAMARIA,Zonas Oficial Rural,42967
2015,41770,SUAZA,Zonas Residencial Urbano,1317594
2015,41770,SUAZA,Zonas Residencial Rural,2706584
2015,41770,SUAZA,Zonas Comercial Urbano,338549
2015,41770,SUAZA,Zonas Comercial Rural,62854
2015,41770,SUAZA,Zonas Oficial Urbano,190888
2015,41770,SUAZA,Zonas Oficial Rural,64800
2015,41791,TARQUI,Zonas Residencial Urbano,1513671
2015,41791,TARQUI,Zonas Residencial Rural,2203642
2015,41791,TARQUI,Zonas Comercial Urbano,426726
2015,41791,TARQUI,Zonas Comercial Rural,36710
2015,41791,TARQUI,Zonas Oficial Urbano,210274
2015,41791,TARQUI,Zonas Oficial Rural,77729
2015,41799,Tello,Zonas Residencial Urbano,1621078
2015,41799,Tello,Zonas Residencial Rural,1266148
2015,41799,Tello,Zonas Comercial Urbano,336007
2015,41799,Tello,Zonas Comercial Rural,67022
2015,41799,Tello,Zonas Oficial Urbano,199435
2015,41799,Tello,Zonas Oficial Rural,66350
2015,41801,TERUEL,Zonas Residencial Urbano,1354878
2015,41801,TERUEL,Zonas Residencial Rural,782560
2015,41801,TERUEL,Zonas Comercial Urbano,332964
2015,41801,TERUEL,Zonas Comercial Rural,14279
2015,41801,TERUEL,Zonas Oficial Urbano,169269
2015,41801,TERUEL,Zonas Oficial Rural,37312
2015,41797,TESALIA,Zonas Residencial Urbano,2598154
2015,41797,TESALIA,Zonas Residencial Rural,674041
2015,41797,TESALIA,Zonas Comercial Urbano,436519
2015,41797,TESALIA,Zonas Comercial Rural,41969
2015,41797,TESALIA,Zonas Oficial Urbano,188520
2015,41797,TESALIA,Zonas Oficial Rural,16110
2015,41807,TIMANA,Zonas Residencial Urbano,2041960
2015,41807,TIMANA,Zonas Residencial Rural,2588418
2015,41807,TIMANA,Zonas Comercial Urbano,644708
2015,41807,TIMANA,Zonas Comercial Rural,77995
2015,41807,TIMANA,Zonas Oficial Urbano,246463
2015,41807,TIMANA,Zonas Oficial Rural,86932
2015,41872,VILLAVIEJA,Zonas Residencial Urbano,1095366
2015,41872,VILLAVIEJA,Zonas Residencial Rural,1226252
2015,41872,VILLAVIEJA,Zonas Comercial Urbano,109559
2015,41872,VILLAVIEJA,Zonas Comercial Rural,16092
2015,41872,VILLAVIEJA,Zonas Oficial Urbano,110671
2015,41872,VILLAVIEJA,Zonas Oficial Rural,143611
2015,41885,YAGUARA,Zonas Residencial Urbano,3077536
2015,41885,YAGUARA,Zonas Residencial Rural,1105226
2015,41885,YAGUARA,Zonas Comercial Urbano,471923
2015,41885,YAGUARA,Zonas Comercial Rural,190350
2015,41885,YAGUARA,Zonas Oficial Urbano,416619
2015,41885,YAGUARA,Zonas Oficial Rural,67345
2016,41001,NEIVA,Zonas Residencial Urbano,199596772
2016,41001,NEIVA,Zonas Residencial Rural,5894898
2016,41001,NEIVA,Zonas Comercial Urbano,89816598
2016,41001,NEIVA,Zonas Comercial Rural,1076257
2016,41001,NEIVA,Zonas Oficial Urbano,32147913
2016,41001,NEIVA,Zonas Oficial Rural,719787
2016,41006,ACEVEDO,Zonas Residencial Urbano,1463741
2016,41006,ACEVEDO,Zonas Residencial Rural,3342947
2016,41006,ACEVEDO,Zonas Comercial Urbano,795073
2016,41006,ACEVEDO,Zonas Comercial Rural,236460
2016,41006,ACEVEDO,Zonas Oficial Urbano,100084
2016,41006,ACEVEDO,Zonas Oficial Rural,130908
2016,41013,Agrado,Zonas Residencial Urbano,1548289
2016,41013,Agrado,Zonas Residencial Rural,504755
2016,41013,Agrado,Zonas Comercial Urbano,206372
2016,41013,Agrado,Zonas Comercial Rural,130868
2016,41013,Agrado,Zonas Oficial Urbano,101617
2016,41013,Agrado,Zonas Oficial Rural,70849
2016,41016,AIPE,Zonas Residencial Urbano,3843686
2016,41016,AIPE,Zonas Residencial Rural,1192085
2016,41016,AIPE,Zonas Comercial Urbano,788039
2016,41016,AIPE,Zonas Comercial Rural,272970
2016,41016,AIPE,Zonas Oficial Urbano,487930
2016,41016,AIPE,Zonas Oficial Rural,186940
2016,41020,ALGECIRAS,Zonas Residencial Urbano,2677630
2016,41020,ALGECIRAS,Zonas Residencial Rural,1335176
2016,41020,ALGECIRAS,Zonas Comercial Urbano,607065
2016,41020,ALGECIRAS,Zonas Comercial Rural,44396
2016,41020,ALGECIRAS,Zonas Oficial Urbano,272585
2016,41020,ALGECIRAS,Zonas Oficial Rural,70421
2016,41026,ALTAMIRA,Zonas Residencial Urbano,992000
2016,41026,ALTAMIRA,Zonas Residencial Rural,362754
2016,41026,ALTAMIRA,Zonas Comercial Urbano,152274
2016,41026,ALTAMIRA,Zonas Comercial Rural,28102
2016,41026,ALTAMIRA,Zonas Oficial Urbano,52342
2016,41026,ALTAMIRA,Zonas Oficial Rural,3723
2016,41078,BARAYA,Zonas Residencial Urbano,1092148
2016,41078,BARAYA,Zonas Residencial Rural,423793
2016,41078,BARAYA,Zonas Comercial Urbano,186083
2016,41078,BARAYA,Zonas Comercial Rural,69381
2016,41078,BARAYA,Zonas Oficial Urbano,170482
2016,41078,BARAYA,Zonas Oficial Rural,141396
2016,41132,CAMPOALEGRE,Zonas Residencial Urbano,8270819
2016,41132,CAMPOALEGRE,Zonas Residencial Rural,1906146
2016,41132,CAMPOALEGRE,Zonas Comercial Urbano,1797863
2016,41132,CAMPOALEGRE,Zonas Comercial Rural,491643
2016,41132,CAMPOALEGRE,Zonas Oficial Urbano,713544
2016,41132,CAMPOALEGRE,Zonas Oficial Rural,344629
2016,41206,Colombia,Zonas Residencial Urbano,615039
2016,41206,Colombia,Zonas Residencial Rural,467348
2016,41206,Colombia,Zonas Comercial Urbano,89028
2016,41206,Colombia,Zonas Comercial Rural,27171
2016,41206,Colombia,Zonas Oficial Urbano,94200
2016,41206,Colombia,Zonas Oficial Rural,19349
2016,41244, ELIAS,Zonas Residencial Urbano,352577
2016,41244, ELIAS,Zonas Residencial Rural,365041
2016,41244, ELIAS,Zonas Comercial Urbano,34126
2016,41244, ELIAS,Zonas Comercial Rural,92478
2016,41244, ELIAS,Zonas Oficial Urbano,49757
2016,41244, ELIAS,Zonas Oficial Rural,13164
2016,41298,GARZON,Zonas Residencial Urbano,14249969
2016,41298,GARZON,Zonas Residencial Rural,5285304
2016,41298,GARZON,Zonas Comercial Urbano,4858173
2016,41298,GARZON,Zonas Comercial Rural,356972
2016,41298,GARZON,Zonas Oficial Urbano,1572885
2016,41298,GARZON,Zonas Oficial Rural,425120
2016,41306,Gigante,Zonas Residencial Urbano,3922715
2016,41306,Gigante,Zonas Residencial Rural,2824855
2016,41306,Gigante,Zonas Comercial Urbano,2781249
2016,41306,Gigante,Zonas Comercial Rural,198159
2016,41306,Gigante,Zonas Oficial Urbano,292745
2016,41306,Gigante,Zonas Oficial Rural,129425
2016,41319,GUADALUPE,Zonas Residencial Urbano,1752724
2016,41319,GUADALUPE,Zonas Residencial Rural,1656719
2016,41319,GUADALUPE,Zonas Comercial Urbano,390546
2016,41319,GUADALUPE,Zonas Comercial Rural,23360
2016,41319,GUADALUPE,Zonas Oficial Urbano,191853
2016,41319,GUADALUPE,Zonas Oficial Rural,138958
2016,41349,HOBO,Zonas Residencial Urbano,1835650
2016,41349,HOBO,Zonas Residencial Rural,341586
2016,41349,HOBO,Zonas Comercial Urbano,465614
2016,41349,HOBO,Zonas Comercial Rural,410633
2016,41349,HOBO,Zonas Oficial Urbano,146954
2016,41349,HOBO,Zonas Oficial Rural,12369
2016,41357,Iquira,Zonas Residencial Urbano,1021110
2016,41357,Iquira,Zonas Residencial Rural,702970
2016,41357,Iquira,Zonas Comercial Urbano,69965
2016,41357,Iquira,Zonas Comercial Rural,48017
2016,41357,Iquira,Zonas Oficial Urbano,71550
2016,41357,Iquira,Zonas Oficial Rural,38130
2016,41359,Isnos,Zonas Residencial Urbano,1545372
2016,41359,Isnos,Zonas Residencial Rural,2019174
2016,41359,Isnos,Zonas Comercial Urbano,582673
2016,41359,Isnos,Zonas Comercial Rural,63059
2016,41359,Isnos,Zonas Oficial Urbano,141361
2016,41359,Isnos,Zonas Oficial Rural,78263
2016,41378,LA ARGENTINA,Zonas Residencial Urbano,1234373
2016,41378,LA ARGENTINA,Zonas Residencial Rural,700514
2016,41378,LA ARGENTINA,Zonas Comercial Urbano,92344
2016,41378,LA ARGENTINA,Zonas Comercial Rural,21450
2016,41378,LA ARGENTINA,Zonas Oficial Urbano,76892
2016,41378,LA ARGENTINA,Zonas Oficial Rural,22826
2016,41396,La Plata,Zonas Residencial Urbano,8363989
2016,41396,La Plata,Zonas Residencial Rural,3252977
2016,41396,La Plata,Zonas Comercial Urbano,2708896
2016,41396,La Plata,Zonas Comercial Rural,12167
2016,41396,La Plata,Zonas Oficial Urbano,1340564
2016,41396,La Plata,Zonas Oficial Rural,105749
2016,41483,NATAGA,Zonas Residencial Urbano,495305
2016,41483,NATAGA,Zonas Residencial Rural,366863
2016,41483,NATAGA,Zonas Comercial Urbano,92775
2016,41483,NATAGA,Zonas Comercial Rural,1200
2016,41483,NATAGA,Zonas Oficial Urbano,43324
2016,41483,NATAGA,Zonas Oficial Rural,15998
2016,41503,Oporapa,Zonas Residencial Urbano,612527
2016,41503,Oporapa,Zonas Residencial Rural,1197978
2016,41503,Oporapa,Zonas Comercial Urbano,143943
2016,41503,Oporapa,Zonas Comercial Rural,40103
2016,41503,Oporapa,Zonas Oficial Urbano,53052
2016,41503,Oporapa,Zonas Oficial Rural,25266
2016,41518,Paicol,Zonas Residencial Urbano,872697
2016,41518,Paicol,Zonas Residencial Rural,594603
2016,41518,Paicol,Zonas Comercial Urbano,110696
2016,41518,Paicol,Zonas Comercial Rural,666
2016,41518,Paicol,Zonas Oficial Urbano,110125
2016,41518,Paicol,Zonas Oficial Rural,19310
2016,41524,PALERMO,Zonas Residencial Urbano,6915847
2016,41524,PALERMO,Zonas Residencial Rural,2334742
2016,41524,PALERMO,Zonas Comercial Urbano,1443873
2016,41524,PALERMO,Zonas Comercial Rural,3360607
2016,41524,PALERMO,Zonas Oficial Urbano,524200
2016,41524,PALERMO,Zonas Oficial Rural,915610
2016,41530,PALESTINA,Zonas Residencial Urbano,414481
2016,41530,PALESTINA,Zonas Residencial Rural,942189
2016,41530,PALESTINA,Zonas Comercial Urbano,140754
2016,41530,PALESTINA,Zonas Comercial Rural,67700
2016,41530,PALESTINA,Zonas Oficial Urbano,52744
2016,41530,PALESTINA,Zonas Oficial Rural,50670
2016,41548,Pital,Zonas Residencial Urbano,1489993
2016,41548,Pital,Zonas Residencial Rural,1327185
2016,41548,Pital,Zonas Comercial Urbano,266050
2016,41548,Pital,Zonas Comercial Rural,29125
2016,41548,Pital,Zonas Oficial Urbano,100754
2016,41548,Pital,Zonas Oficial Rural,43250
2016,41551,Pitalito,Zonas Residencial Urbano,23807785
2016,41551,Pitalito,Zonas Residencial Rural,8582323
2016,41551,Pitalito,Zonas Comercial Urbano,11625810
2016,41551,Pitalito,Zonas Comercial Rural,1194501
2016,41551,Pitalito,Zonas Oficial Urbano,2361225
2016,41551,Pitalito,Zonas Oficial Rural,726037
2016,41615,Rivera,Zonas Residencial Urbano,4470032
2016,41615,Rivera,Zonas Residencial Rural,4261547
2016,41615,Rivera,Zonas Comercial Urbano,777349
2016,41615,Rivera,Zonas Comercial Rural,999666
2016,41615,Rivera,Zonas Oficial Urbano,203553
2016,41615,Rivera,Zonas Oficial Rural,772758
2016,41660,SALADO BLANCO,Zonas Residencial Urbano,547649
2016,41660,SALADO BLANCO,Zonas Residencial Rural,1112224
2016,41660,SALADO BLANCO,Zonas Comercial Urbano,226911
2016,41660,SALADO BLANCO,Zonas Comercial Rural,28859
2016,41660,SALADO BLANCO,Zonas Oficial Urbano,92728
2016,41660,SALADO BLANCO,Zonas Oficial Rural,30667
2016,41668, SAN AGUSTIN,Zonas Residencial Urbano,2488770
2016,41668, SAN AGUSTIN,Zonas Residencial Rural,2276063
2016,41668, SAN AGUSTIN,Zonas Comercial Urbano,770755
2016,41668, SAN AGUSTIN,Zonas Comercial Rural,239752
2016,41668, SAN AGUSTIN,Zonas Oficial Urbano,185192
2016,41668, SAN AGUSTIN,Zonas Oficial Rural,79727
2016,41676,SANTAMARIA,Zonas Residencial Urbano,908776
2016,41676,SANTAMARIA,Zonas Residencial Rural,827403
2016,41676,SANTAMARIA,Zonas Comercial Urbano,226048
2016,41676,SANTAMARIA,Zonas Comercial Rural,65282
2016,41676,SANTAMARIA,Zonas Oficial Urbano,66756
2016,41676,SANTAMARIA,Zonas Oficial Rural,35230
2016,41770,SUAZA,Zonas Residencial Urbano,1289069
2016,41770,SUAZA,Zonas Residencial Rural,2426740
2016,41770,SUAZA,Zonas Comercial Urbano,297100
2016,41770,SUAZA,Zonas Comercial Rural,62637
2016,41770,SUAZA,Zonas Oficial Urbano,138498
2016,41770,SUAZA,Zonas Oficial Rural,57807
2016,41791,TARQUI,Zonas Residencial Urbano,1469918
2016,41791,TARQUI,Zonas Residencial Rural,1933558
2016,41791,TARQUI,Zonas Comercial Urbano,378859
2016,41791,TARQUI,Zonas Comercial Rural,25297
2016,41791,TARQUI,Zonas Oficial Urbano,144844
2016,41791,TARQUI,Zonas Oficial Rural,53160
2016,41799,Tello,Zonas Residencial Urbano,1580335
2016,41799,Tello,Zonas Residencial Rural,863304
2016,41799,Tello,Zonas Comercial Urbano,242801
2016,41799,Tello,Zonas Comercial Rural,52180
2016,41799,Tello,Zonas Oficial Urbano,164790
2016,41799,Tello,Zonas Oficial Rural,41123
2016,41801,TERUEL,Zonas Residencial Urbano,1281657
2016,41801,TERUEL,Zonas Residencial Rural,615702
2016,41801,TERUEL,Zonas Comercial Urbano,247400
2016,41801,TERUEL,Zonas Comercial Rural,7880
2016,41801,TERUEL,Zonas Oficial Urbano,93259
2016,41801,TERUEL,Zonas Oficial Rural,34171
2016,41797,TESALIA,Zonas Residencial Urbano,2350496
2016,41797,TESALIA,Zonas Residencial Rural,569340
2016,41797,TESALIA,Zonas Comercial Urbano,344990
2016,41797,TESALIA,Zonas Comercial Rural,39487
2016,41797,TESALIA,Zonas Oficial Urbano,159595
2016,41797,TESALIA,Zonas Oficial Rural,11792
2016,41807,TIMANA,Zonas Residencial Urbano,1917052
2016,41807,TIMANA,Zonas Residencial Rural,2170377
2016,41807,TIMANA,Zonas Comercial Urbano,626823
2016,41807,TIMANA,Zonas Comercial Rural,73581
2016,41807,TIMANA,Zonas Oficial Urbano,211337
2016,41807,TIMANA,Zonas Oficial Rural,62371
2016,41872,VILLAVIEJA,Zonas Residencial Urbano,1080201
2016,41872,VILLAVIEJA,Zonas Residencial Rural,1047002
2016,41872,VILLAVIEJA,Zonas Comercial Urbano,94457
2016,41872,VILLAVIEJA,Zonas Comercial Rural,23355
2016,41872,VILLAVIEJA,Zonas Oficial Urbano,113481
2016,41872,VILLAVIEJA,Zonas Oficial Rural,81550
2016,41885,YAGUARA,Zonas Residencial Urbano,2768205
2016,41885,YAGUARA,Zonas Residencial Rural,857630
2016,41885,YAGUARA,Zonas Comercial Urbano,384155
2016,41885,YAGUARA,Zonas Comercial Rural,126751
2016,41885,YAGUARA,Zonas Oficial Urbano,327021
2016,41885,YAGUARA,Zonas Oficial Rural,38881
2017,41001,NEIVA,Zonas Residencial Urbano,210511145
2017,41001,NEIVA,Zonas Residencial Rural,6614771
2017,41001,NEIVA,Zonas Comercial Urbano,82457989
2017,41001,NEIVA,Zonas Comercial Rural,1360632
2017,41001,NEIVA,Zonas Oficial Urbano,21586549
2017,41001,NEIVA,Zonas Oficial Rural,833577
2017,41006,ACEVEDO,Zonas Residencial Urbano,1620064
2017,41006,ACEVEDO,Zonas Residencial Rural,4247382
2017,41006,ACEVEDO,Zonas Comercial Urbano,935292
2017,41006,ACEVEDO,Zonas Comercial Rural,280300
2017,41006,ACEVEDO,Zonas Oficial Urbano,107879
2017,41006,ACEVEDO,Zonas Oficial Rural,164554
2017,41013,Agrado,Zonas Residencial Urbano,1677735
2017,41013,Agrado,Zonas Residencial Rural,615429
2017,41013,Agrado,Zonas Comercial Urbano,253468
2017,41013,Agrado,Zonas Comercial Rural,141231
2017,41013,Agrado,Zonas Oficial Urbano,107399
2017,41013,Agrado,Zonas Oficial Rural,66308
2017,41016,AIPE,Zonas Residencial Urbano,4043542
2017,41016,AIPE,Zonas Residencial Rural,1506997
2017,41016,AIPE,Zonas Comercial Urbano,841095
2017,41016,AIPE,Zonas Comercial Rural,325134
2017,41016,AIPE,Zonas Oficial Urbano,614728
2017,41016,AIPE,Zonas Oficial Rural,284281
2017,41020,ALGECIRAS,Zonas Residencial Urbano,2978650
2017,41020,ALGECIRAS,Zonas Residencial Rural,1705288
2017,41020,ALGECIRAS,Zonas Comercial Urbano,727192
2017,41020,ALGECIRAS,Zonas Comercial Rural,61634
2017,41020,ALGECIRAS,Zonas Oficial Urbano,302775
2017,41020,ALGECIRAS,Zonas Oficial Rural,98245
2017,41026,ALTAMIRA,Zonas Residencial Urbano,1094042
2017,41026,ALTAMIRA,Zonas Residencial Rural,501991
2017,41026,ALTAMIRA,Zonas Comercial Urbano,187631
2017,41026,ALTAMIRA,Zonas Comercial Rural,70104
2017,41026,ALTAMIRA,Zonas Oficial Urbano,65720
2017,41026,ALTAMIRA,Zonas Oficial Rural,3993
2017,41078,BARAYA,Zonas Residencial Urbano,1170005
2017,41078,BARAYA,Zonas Residencial Rural,505111
2017,41078,BARAYA,Zonas Comercial Urbano,191547
2017,41078,BARAYA,Zonas Comercial Rural,65761
2017,41078,BARAYA,Zonas Oficial Urbano,181708
2017,41078,BARAYA,Zonas Oficial Rural,47780
2017,41132,CAMPOALEGRE,Zonas Residencial Urbano,8790197
2017,41132,CAMPOALEGRE,Zonas Residencial Rural,2461578
2017,41132,CAMPOALEGRE,Zonas Comercial Urbano,1791790
2017,41132,CAMPOALEGRE,Zonas Comercial Rural,660120
2017,41132,CAMPOALEGRE,Zonas Oficial Urbano,778667
2017,41132,CAMPOALEGRE,Zonas Oficial Rural,423873
2017,41206,Colombia,Zonas Residencial Urbano,681194
2017,41206,Colombia,Zonas Residencial Rural,673030
2017,41206,Colombia,Zonas Comercial Urbano,110531
2017,41206,Colombia,Zonas Comercial Rural,33635
2017,41206,Colombia,Zonas Oficial Urbano,100414
2017,41206,Colombia,Zonas Oficial Rural,29083
2017,41548,Pital,Zonas Residencial Urbano,1641601
2017,41548,Pital,Zonas Residencial Rural,1446495
2017,41548,Pital,Zonas Comercial Urbano,270078
2017,41548,Pital,Zonas Comercial Rural,26052
2017,41548,Pital,Zonas Oficial Urbano,122779
2017,41548,Pital,Zonas Oficial Rural,50244
2017,41244, ELIAS,Zonas Residencial Urbano,420277
2017,41244, ELIAS,Zonas Residencial Rural,452852
2017,41244, ELIAS,Zonas Comercial Urbano,35178
2017,41244, ELIAS,Zonas Comercial Rural,100840
2017,41244, ELIAS,Zonas Oficial Urbano,51181
2017,41244, ELIAS,Zonas Oficial Rural,12738
2017,41298,GARZON,Zonas Residencial Urbano,15671923
2017,41298,GARZON,Zonas Residencial Rural,5954620
2017,41298,GARZON,Zonas Comercial Urbano,4363764
2017,41298,GARZON,Zonas Comercial Rural,323067
2017,41298,GARZON,Zonas Oficial Urbano,1779860
2017,41298,GARZON,Zonas Oficial Rural,408103
2017,41306,Gigante,Zonas Residencial Urbano,4169735
2017,41306,Gigante,Zonas Residencial Rural,3336818
2017,41306,Gigante,Zonas Comercial Urbano,2430318
2017,41306,Gigante,Zonas Comercial Rural,158495
2017,41306,Gigante,Zonas Oficial Urbano,321591
2017,41306,Gigante,Zonas Oficial Rural,164983
2017,41319,GUADALUPE,Zonas Residencial Urbano,1921356
2017,41319,GUADALUPE,Zonas Residencial Rural,2011349
2017,41319,GUADALUPE,Zonas Comercial Urbano,518762
2017,41319,GUADALUPE,Zonas Comercial Rural,30477
2017,41319,GUADALUPE,Zonas Oficial Urbano,248297
2017,41319,GUADALUPE,Zonas Oficial Rural,131790
2017,41349,HOBO,Zonas Residencial Urbano,1993907
2017,41349,HOBO,Zonas Residencial Rural,478995
2017,41349,HOBO,Zonas Comercial Urbano,761875
2017,41349,HOBO,Zonas Comercial Rural,445646
2017,41349,HOBO,Zonas Oficial Urbano,192383
2017,41349,HOBO,Zonas Oficial Rural,26173
2017,41357,Iquira,Zonas Residencial Urbano,1159929
2017,41357,Iquira,Zonas Residencial Rural,877543
2017,41357,Iquira,Zonas Comercial Urbano,76925
2017,41357,Iquira,Zonas Comercial Rural,153233
2017,41357,Iquira,Zonas Oficial Urbano,76469
2017,41357,Iquira,Zonas Oficial Rural,51105
2017,41359,Isnos,Zonas Residencial Urbano,1787130
2017,41359,Isnos,Zonas Residencial Rural,2694139
2017,41359,Isnos,Zonas Comercial Urbano,657819
2017,41359,Isnos,Zonas Comercial Rural,94518
2017,41359,Isnos,Zonas Oficial Urbano,154874
2017,41359,Isnos,Zonas Oficial Rural,94109
2017,41378,LA ARGENTINA,Zonas Residencial Urbano,1360206
2017,41378,LA ARGENTINA,Zonas Residencial Rural,910223
2017,41378,LA ARGENTINA,Zonas Comercial Urbano,91176
2017,41378,LA ARGENTINA,Zonas Comercial Rural,17104
2017,41378,LA ARGENTINA,Zonas Oficial Urbano,75525
2017,41378,LA ARGENTINA,Zonas Oficial Rural,27952
2017,41396,La Plata,Zonas Residencial Urbano,9371897
2017,41396,La Plata,Zonas Residencial Rural,4050960
2017,41396,La Plata,Zonas Comercial Urbano,3102953
2017,41396,La Plata,Zonas Comercial Rural,37226
2017,41396,La Plata,Zonas Oficial Urbano,1553035
2017,41396,La Plata,Zonas Oficial Rural,129727
2017,41483,NATAGA,Zonas Residencial Urbano,562347
2017,41483,NATAGA,Zonas Residencial Rural,452624
2017,41483,NATAGA,Zonas Comercial Urbano,122391
2017,41483,NATAGA,Zonas Comercial Rural,1846
2017,41483,NATAGA,Zonas Oficial Urbano,42944
2017,41483,NATAGA,Zonas Oficial Rural,16597
2017,41503,Oporapa,Zonas Residencial Urbano,693667
2017,41503,Oporapa,Zonas Residencial Rural,1491776
2017,41503,Oporapa,Zonas Comercial Urbano,173875
2017,41503,Oporapa,Zonas Comercial Rural,49503
2017,41503,Oporapa,Zonas Oficial Urbano,66788
2017,41503,Oporapa,Zonas Oficial Rural,34746
2017,41518,Paicol,Zonas Residencial Urbano,913217
2017,41518,Paicol,Zonas Residencial Rural,714592
2017,41518,Paicol,Zonas Comercial Urbano,129445
2017,41518,Paicol,Zonas Comercial Rural,944
2017,41518,Paicol,Zonas Oficial Urbano,128231
2017,41518,Paicol,Zonas Oficial Rural,19719
2017,41524,PALERMO,Zonas Residencial Urbano,7266653
2017,41524,PALERMO,Zonas Residencial Rural,2668845
2017,41524,PALERMO,Zonas Comercial Urbano,1617320
2017,41524,PALERMO,Zonas Comercial Rural,3190694
2017,41524,PALERMO,Zonas Oficial Urbano,601352
2017,41524,PALERMO,Zonas Oficial Rural,305213
2017,41530,PALESTINA,Zonas Residencial Urbano,469756
2017,41530,PALESTINA,Zonas Residencial Rural,1256419
2017,41530,PALESTINA,Zonas Comercial Urbano,161845
2017,41530,PALESTINA,Zonas Comercial Rural,74546
2017,41530,PALESTINA,Zonas Oficial Urbano,58383
2017,41530,PALESTINA,Zonas Oficial Rural,68044
2017,41551,Pitalito,Zonas Residencial Urbano,26679931
2017,41551,Pitalito,Zonas Residencial Rural,10882187
2017,41551,Pitalito,Zonas Comercial Urbano,13469739
2017,41551,Pitalito,Zonas Comercial Rural,1415973
2017,41551,Pitalito,Zonas Oficial Urbano,1687631
2017,41551,Pitalito,Zonas Oficial Rural,886670
2017,41615,Rivera,Zonas Residencial Urbano,4756136
2017,41615,Rivera,Zonas Residencial Rural,5170238
2017,41615,Rivera,Zonas Comercial Urbano,921525
2017,41615,Rivera,Zonas Comercial Rural,2040748
2017,41615,Rivera,Zonas Oficial Urbano,243667
2017,41615,Rivera,Zonas Oficial Rural,910903
2017,41660,SALADO BLANCO,Zonas Residencial Urbano,600675
2017,41660,SALADO BLANCO,Zonas Residencial Rural,1410201
2017,41660,SALADO BLANCO,Zonas Comercial Urbano,269170
2017,41660,SALADO BLANCO,Zonas Comercial Rural,33240
2017,41660,SALADO BLANCO,Zonas Oficial Urbano,99385
2017,41660,SALADO BLANCO,Zonas Oficial Rural,32560
2017,41668, SAN AGUSTIN,Zonas Residencial Urbano,2818542
2017,41668, SAN AGUSTIN,Zonas Residencial Rural,2993773
2017,41668, SAN AGUSTIN,Zonas Comercial Urbano,874966
2017,41668, SAN AGUSTIN,Zonas Comercial Rural,282033
2017,41668, SAN AGUSTIN,Zonas Oficial Urbano,213916
2017,41668, SAN AGUSTIN,Zonas Oficial Rural,109441
2017,41676,SANTAMARIA,Zonas Residencial Urbano,1000757
2017,41676,SANTAMARIA,Zonas Residencial Rural,1218298
2017,41676,SANTAMARIA,Zonas Comercial Urbano,269968
2017,41676,SANTAMARIA,Zonas Comercial Rural,78277
2017,41676,SANTAMARIA,Zonas Oficial Urbano,83468
2017,41676,SANTAMARIA,Zonas Oficial Rural,43784
2017,41770,SUAZA,Zonas Residencial Urbano,1495847
2017,41770,SUAZA,Zonas Residencial Rural,3101699
2017,41770,SUAZA,Zonas Comercial Urbano,338750
2017,41770,SUAZA,Zonas Comercial Rural,121986
2017,41770,SUAZA,Zonas Oficial Urbano,135236
2017,41770,SUAZA,Zonas Oficial Rural,124646
2017,41791,TARQUI,Zonas Residencial Urbano,1635938
2017,41791,TARQUI,Zonas Residencial Rural,2332250
2017,41791,TARQUI,Zonas Comercial Urbano,420962
2017,41791,TARQUI,Zonas Comercial Rural,28626
2017,41791,TARQUI,Zonas Oficial Urbano,166209
2017,41791,TARQUI,Zonas Oficial Rural,62003
2017,41799,Tello,Zonas Residencial Urbano,1737534
2017,41799,Tello,Zonas Residencial Rural,1327181
2017,41799,Tello,Zonas Comercial Urbano,241768
2017,41799,Tello,Zonas Comercial Rural,60291
2017,41799,Tello,Zonas Oficial Urbano,170060
2017,41799,Tello,Zonas Oficial Rural,64359
2017,41801,TERUEL,Zonas Residencial Urbano,1423174
2017,41801,TERUEL,Zonas Residencial Rural,753441
2017,41801,TERUEL,Zonas Comercial Urbano,485947
2017,41801,TERUEL,Zonas Comercial Rural,59337
2017,41801,TERUEL,Zonas Oficial Urbano,99071
2017,41801,TERUEL,Zonas Oficial Rural,27334
2017,41797,TESALIA,Zonas Residencial Urbano,2462378
2017,41797,TESALIA,Zonas Residencial Rural,677170
2017,41797,TESALIA,Zonas Comercial Urbano,363003
2017,41797,TESALIA,Zonas Comercial Rural,69796
2017,41797,TESALIA,Zonas Oficial Urbano,188289
2017,41797,TESALIA,Zonas Oficial Rural,13049
2017,41807,TIMANA,Zonas Residencial Urbano,2165418
2017,41807,TIMANA,Zonas Residencial Rural,2683423
2017,41807,TIMANA,Zonas Comercial Urbano,696213
2017,41807,TIMANA,Zonas Comercial Rural,88816
2017,41807,TIMANA,Zonas Oficial Urbano,241908
2017,41807,TIMANA,Zonas Oficial Rural,69936
2017,41872,VILLAVIEJA,Zonas Residencial Urbano,1204403
2017,41872,VILLAVIEJA,Zonas Residencial Rural,1288143
2017,41872,VILLAVIEJA,Zonas Comercial Urbano,117088
2017,41872,VILLAVIEJA,Zonas Comercial Rural,22070
2017,41872,VILLAVIEJA,Zonas Oficial Urbano,113457
2017,41872,VILLAVIEJA,Zonas Oficial Rural,121569
2017,41885,YAGUARA,Zonas Residencial Urbano,2905222
2017,41885,YAGUARA,Zonas Residencial Rural,1008327
2017,41885,YAGUARA,Zonas Comercial Urbano,409308
2017,41885,YAGUARA,Zonas Comercial Rural,203622
2017,41885,YAGUARA,Zonas Oficial Urbano,353833
2017,41885,YAGUARA,Zonas Oficial Rural,55933
2018,41001,NEIVA,Zonas Residencial Urbano,210752422
2018,41001,NEIVA,Zonas Residencial Rural,6821551
2018,41001,NEIVA,Zonas Comercial Urbano,81796388
2018,41001,NEIVA,Zonas Comercial Rural,1638295
2018,41001,NEIVA,Zonas Oficial Urbano,12502755
2018,41001,NEIVA,Zonas Oficial Rural,587916
2018,41006,ACEVEDO,Zonas Residencial Urbano,1625643
2018,41006,ACEVEDO,Zonas Residencial Rural,4419590
2018,41006,ACEVEDO,Zonas Comercial Urbano,1129776
2018,41006,ACEVEDO,Zonas Comercial Rural,299552
2018,41006,ACEVEDO,Zonas Oficial Urbano,117918
2018,41006,ACEVEDO,Zonas Oficial Rural,146368
2018,41013,Agrado,Zonas Residencial Urbano,1706533
2018,41013,Agrado,Zonas Residencial Rural,623589
2018,41013,Agrado,Zonas Comercial Urbano,247728
2018,41013,Agrado,Zonas Comercial Rural,157784
2018,41013,Agrado,Zonas Oficial Urbano,33804
2018,41013,Agrado,Zonas Oficial Rural,65108
2018,41016,AIPE,Zonas Residencial Urbano,4117043
2018,41016,AIPE,Zonas Residencial Rural,1578962
2018,41016,AIPE,Zonas Comercial Urbano,989769
2018,41016,AIPE,Zonas Comercial Rural,359750
2018,41016,AIPE,Zonas Oficial Urbano,673253
2018,41016,AIPE,Zonas Oficial Rural,223404
2018,41020,ALGECIRAS,Zonas Residencial Urbano,3208594
2018,41020,ALGECIRAS,Zonas Residencial Rural,1788869
2018,41020,ALGECIRAS,Zonas Comercial Urbano,716870
2018,41020,ALGECIRAS,Zonas Comercial Rural,63908
2018,41020,ALGECIRAS,Zonas Oficial Urbano,400683
2018,41020,ALGECIRAS,Zonas Oficial Rural,98890
2018,41026,ALTAMIRA,Zonas Residencial Urbano,1104163
2018,41026,ALTAMIRA,Zonas Residencial Rural,501481
2018,41026,ALTAMIRA,Zonas Comercial Urbano,210466
2018,41026,ALTAMIRA,Zonas Comercial Rural,37355
2018,41026,ALTAMIRA,Zonas Oficial Urbano,58602
2018,41026,ALTAMIRA,Zonas Oficial Rural,5040
2018,41078,BARAYA,Zonas Residencial Urbano,1239261
2018,41078,BARAYA,Zonas Residencial Rural,554342
2018,41078,BARAYA,Zonas Comercial Urbano,211219
2018,41078,BARAYA,Zonas Comercial Rural,61502
2018,41078,BARAYA,Zonas Oficial Urbano,178880
2018,41078,BARAYA,Zonas Oficial Rural,29508
2018,41132,CAMPOALEGRE,Zonas Residencial Urbano,8906209
2018,41132,CAMPOALEGRE,Zonas Residencial Rural,2307188
2018,41132,CAMPOALEGRE,Zonas Comercial Urbano,2096251
2018,41132,CAMPOALEGRE,Zonas Comercial Rural,596454
2018,41132,CAMPOALEGRE,Zonas Oficial Urbano,518779
2018,41132,CAMPOALEGRE,Zonas Oficial Rural,62971
2018,41206,Colombia,Zonas Residencial Urbano,692981
2018,41206,Colombia,Zonas Residencial Rural,684825
2018,41206,Colombia,Zonas Comercial Urbano,98376
2018,41206,Colombia,Zonas Comercial Rural,38065
2018,41206,Colombia,Zonas Oficial Urbano,101200
2018,41206,Colombia,Zonas Oficial Rural,27035
2018,41244, ELIAS,Zonas Residencial Urbano,433678
2018,41244, ELIAS,Zonas Residencial Rural,483456
2018,41244, ELIAS,Zonas Comercial Urbano,40291
2018,41244, ELIAS,Zonas Comercial Rural,87951
2018,41244, ELIAS,Zonas Oficial Urbano,44761
2018,41244, ELIAS,Zonas Oficial Rural,12632
2018,41298,GARZON,Zonas Residencial Urbano,15598161
2018,41298,GARZON,Zonas Residencial Rural,5973002
2018,41298,GARZON,Zonas Comercial Urbano,4505389
2018,41298,GARZON,Zonas Comercial Rural,297569
2018,41298,GARZON,Zonas Oficial Urbano,1311949
2018,41298,GARZON,Zonas Oficial Rural,369583
2018,41306,Gigante,Zonas Residencial Urbano,4131885
2018,41306,Gigante,Zonas Residencial Rural,3299180
2018,41306,Gigante,Zonas Comercial Urbano,2109504
2018,41306,Gigante,Zonas Comercial Rural,167918
2018,41306,Gigante,Zonas Oficial Urbano,234519
2018,41306,Gigante,Zonas Oficial Rural,156432
2018,41319,GUADALUPE,Zonas Residencial Urbano,1953242
2018,41319,GUADALUPE,Zonas Residencial Rural,2034607
2018,41319,GUADALUPE,Zonas Comercial Urbano,539014
2018,41319,GUADALUPE,Zonas Comercial Rural,71628
2018,41319,GUADALUPE,Zonas Oficial Urbano,244588
2018,41319,GUADALUPE,Zonas Oficial Rural,136963
2018,41349,HOBO,Zonas Residencial Urbano,1961530
2018,41349,HOBO,Zonas Residencial Rural,453677
2018,41349,HOBO,Zonas Comercial Urbano,420599
2018,41349,HOBO,Zonas Comercial Rural,271785
2018,41349,HOBO,Zonas Oficial Urbano,123126
2018,41349,HOBO,Zonas Oficial Rural,25821
2018,41357,Iquira,Zonas Residencial Urbano,1171275
2018,41357,Iquira,Zonas Residencial Rural,907803
2018,41357,Iquira,Zonas Comercial Urbano,91573
2018,41357,Iquira,Zonas Comercial Rural,72611
2018,41357,Iquira,Zonas Oficial Urbano,33316
2018,41357,Iquira,Zonas Oficial Rural,46106
2018,41359,Isnos,Zonas Residencial Urbano,1735278
2018,41359,Isnos,Zonas Residencial Rural,2765246
2018,41359,Isnos,Zonas Comercial Urbano,667394
2018,41359,Isnos,Zonas Comercial Rural,117534
2018,41359,Isnos,Zonas Oficial Urbano,168134
2018,41359,Isnos,Zonas Oficial Rural,74041
2018,41378,LA ARGENTINA,Zonas Residencial Urbano,1382649
2018,41378,LA ARGENTINA,Zonas Residencial Rural,912393
2018,41378,LA ARGENTINA,Zonas Comercial Urbano,108459
2018,41378,LA ARGENTINA,Zonas Comercial Rural,18275
2018,41378,LA ARGENTINA,Zonas Oficial Urbano,60938
2018,41378,LA ARGENTINA,Zonas Oficial Rural,27342
2018,41396,La Plata,Zonas Residencial Urbano,9579908
2018,41396,La Plata,Zonas Residencial Rural,4189400
2018,41396,La Plata,Zonas Comercial Urbano,2918413
2018,41396,La Plata,Zonas Comercial Rural,43094
2018,41396,La Plata,Zonas Oficial Urbano,1472917
2018,41396,La Plata,Zonas Oficial Rural,127212
2018,41483,NATAGA,Zonas Residencial Urbano,576451
2018,41483,NATAGA,Zonas Residencial Rural,466549
2018,41483,NATAGA,Zonas Comercial Urbano,120383
2018,41483,NATAGA,Zonas Comercial Rural,1776
2018,41483,NATAGA,Zonas Oficial Urbano,40037
2018,41483,NATAGA,Zonas Oficial Rural,16719
2018,41503,Oporapa,Zonas Residencial Urbano,703921
2018,41503,Oporapa,Zonas Residencial Rural,1528241
2018,41503,Oporapa,Zonas Comercial Urbano,178570
2018,41503,Oporapa,Zonas Comercial Rural,38687
2018,41503,Oporapa,Zonas Oficial Urbano,55606
2018,41503,Oporapa,Zonas Oficial Rural,29016
2018,41518,Paicol,Zonas Residencial Urbano,933101
2018,41518,Paicol,Zonas Residencial Rural,752386
2018,41518,Paicol,Zonas Comercial Urbano,103412
2018,41518,Paicol,Zonas Comercial Rural,804
2018,41518,Paicol,Zonas Oficial Urbano,125125
2018,41518,Paicol,Zonas Oficial Rural,20279
2018,41524,PALERMO,Zonas Residencial Urbano,7286100
2018,41524,PALERMO,Zonas Residencial Rural,2662559
2018,41524,PALERMO,Zonas Comercial Urbano,1621670
2018,41524,PALERMO,Zonas Comercial Rural,3607492
2018,41524,PALERMO,Zonas Oficial Urbano,525801
2018,41524,PALERMO,Zonas Oficial Rural,198514
2018,41530,PALESTINA,Zonas Residencial Urbano,473683
2018,41530,PALESTINA,Zonas Residencial Rural,1284821
2018,41530,PALESTINA,Zonas Comercial Urbano,161420
2018,41530,PALESTINA,Zonas Comercial Rural,92331
2018,41530,PALESTINA,Zonas Oficial Urbano,45152
2018,41530,PALESTINA,Zonas Oficial Rural,56454
2018,41548,Pital,Zonas Residencial Urbano,1665028
2018,41548,Pital,Zonas Residencial Rural,1479817
2018,41548,Pital,Zonas Comercial Urbano,264881
2018,41548,Pital,Zonas Comercial Rural,30756
2018,41548,Pital,Zonas Oficial Urbano,68157
2018,41548,Pital,Zonas Oficial Rural,47696
2018,41551,Pitalito,Zonas Residencial Urbano,26404114
2018,41551,Pitalito,Zonas Residencial Rural,11187590
2018,41551,Pitalito,Zonas Comercial Urbano,14340369
2018,41551,Pitalito,Zonas Comercial Rural,1496900
2018,41551,Pitalito,Zonas Oficial Urbano,1351838
2018,41551,Pitalito,Zonas Oficial Rural,750720
2018,41615,Rivera,Zonas Residencial Urbano,4724966
2018,41615,Rivera,Zonas Residencial Rural,5399272
2018,41615,Rivera,Zonas Comercial Urbano,916699
2018,41615,Rivera,Zonas Comercial Rural,1291515
2018,41615,Rivera,Zonas Oficial Urbano,137052
2018,41615,Rivera,Zonas Oficial Rural,854527
2018,41660,SALADO BLANCO,Zonas Residencial Urbano,594049
2018,41660,SALADO BLANCO,Zonas Residencial Rural,1445205
2018,41660,SALADO BLANCO,Zonas Comercial Urbano,299227
2018,41660,SALADO BLANCO,Zonas Comercial Rural,35357
2018,41660,SALADO BLANCO,Zonas Oficial Urbano,86536
2018,41660,SALADO BLANCO,Zonas Oficial Rural,32637
2018,41668, SAN AGUSTIN,Zonas Residencial Urbano,2874716
2018,41668, SAN AGUSTIN,Zonas Residencial Rural,3068870
2018,41668, SAN AGUSTIN,Zonas Comercial Urbano,945679
2018,41668, SAN AGUSTIN,Zonas Comercial Rural,434962
2018,41668, SAN AGUSTIN,Zonas Oficial Urbano,124847
2018,41668, SAN AGUSTIN,Zonas Oficial Rural,76176
2018,41676,SANTAMARIA,Zonas Residencial Urbano,1002467
2018,41676,SANTAMARIA,Zonas Residencial Rural,1230983
2018,41676,SANTAMARIA,Zonas Comercial Urbano,266129
2018,41676,SANTAMARIA,Zonas Comercial Rural,79681
2018,41676,SANTAMARIA,Zonas Oficial Urbano,76735
2018,41676,SANTAMARIA,Zonas Oficial Rural,39619
2018,41770,SUAZA,Zonas Residencial Urbano,1560725
2018,41770,SUAZA,Zonas Residencial Rural,3294477
2018,41770,SUAZA,Zonas Comercial Urbano,337716
2018,41770,SUAZA,Zonas Comercial Rural,161595
2018,41770,SUAZA,Zonas Oficial Urbano,205487
2018,41770,SUAZA,Zonas Oficial Rural,81542
2018,41791,TARQUI,Zonas Residencial Urbano,1684310
2018,41791,TARQUI,Zonas Residencial Rural,2384207
2018,41791,TARQUI,Zonas Comercial Urbano,442099
2018,41791,TARQUI,Zonas Comercial Rural,25620
2018,41791,TARQUI,Zonas Oficial Urbano,133188
2018,41791,TARQUI,Zonas Oficial Rural,57408
2018,41799,Tello,Zonas Residencial Urbano,1731811
2018,41799,Tello,Zonas Residencial Rural,1324517
2018,41799,Tello,Zonas Comercial Urbano,329146
2018,41799,Tello,Zonas Comercial Rural,88211
2018,41799,Tello,Zonas Oficial Urbano,134385
2018,41799,Tello,Zonas Oficial Rural,61360
2018,41801,TERUEL,Zonas Residencial Urbano,1449440
2018,41801,TERUEL,Zonas Residencial Rural,758451
2018,41801,TERUEL,Zonas Comercial Urbano,428269
2018,41801,TERUEL,Zonas Comercial Rural,52313
2018,41801,TERUEL,Zonas Oficial Urbano,109636
2018,41801,TERUEL,Zonas Oficial Rural,20057
2018,41797,TESALIA,Zonas Residencial Urbano,2507724
2018,41797,TESALIA,Zonas Residencial Rural,712079
2018,41797,TESALIA,Zonas Comercial Urbano,342813
2018,41797,TESALIA,Zonas Comercial Rural,53830
2018,41797,TESALIA,Zonas Oficial Urbano,131013
2018,41797,TESALIA,Zonas Oficial Rural,12875
2018,41807,TIMANA,Zonas Residencial Urbano,2194865
2018,41807,TIMANA,Zonas Residencial Rural,2749329
2018,41807,TIMANA,Zonas Comercial Urbano,835894
2018,41807,TIMANA,Zonas Comercial Rural,91569
2018,41807,TIMANA,Zonas Oficial Urbano,119788
2018,41807,TIMANA,Zonas Oficial Rural,55024
2018,41872,VILLAVIEJA,Zonas Residencial Urbano,1276449
2018,41872,VILLAVIEJA,Zonas Residencial Rural,1322671
2018,41872,VILLAVIEJA,Zonas Comercial Urbano,135773
2018,41872,VILLAVIEJA,Zonas Comercial Rural,18215
2018,41872,VILLAVIEJA,Zonas Oficial Urbano,90702
2018,41872,VILLAVIEJA,Zonas Oficial Rural,52520
2018,41885,YAGUARA,Zonas Residencial Urbano,2812866
2018,41885,YAGUARA,Zonas Residencial Rural,913241
2018,41885,YAGUARA,Zonas Comercial Urbano,386384
2018,41885,YAGUARA,Zonas Comercial Rural,190288
2018,41885,YAGUARA,Zonas Oficial Urbano,276042
2018,41885,YAGUARA,Zonas Oficial Rural,43557
